,ta,tr,vel,rh,met,clo,pmv,ppd,pmv_ce,ppd_ce,thermal_acceptability,thermal_preference,thermal_comfort
0,0.0,0.0,0.0,0.0,0.0,0.0,0.0,0.0,0.0,0.0,0,0,0.0
104,27.6,26.77727272727273,0.38,28.0,1.36518771331058,0.6,0.48,9.8,0.06,5.1,0,cooler,3.0
356,25.9,25.21857142857143,0.37,59.0,1.348122866894198,0.62,0.2,5.8,-0.08,5.1,1,no change,5.0
358,25.9,25.88257575757576,0.2800000000000001,59.0,1.36518771331058,0.9,0.75,16.8,0.47,9.7,0,cooler,2.0
441,26.4,28.170000000000005,0.12,45.0,1.2116040955631395,0.57,0.59,12.3,0.55,11.4,0,cooler,3.0
2073,23.98333333333332,25.371947714378926,0.6093333333333333,63.86,1.38745704467354,0.48,-0.68,14.8,-0.88,21.4,1,no change,6.0
2136,25.85666666666667,27.51296573296103,0.2903333333333333,55.760000000000005,1.396048109965636,0.4,0.1,5.2,-0.19,5.7,1,no change,5.0
2137,24.20333333333332,25.97433250998411,0.4633333333333332,63.440000000000005,1.5463917525773192,0.32,-0.66,14.1,-0.92,23.0,1,no change,5.0
2138,28.663333333333327,28.40477980087253,0.224,24.54,1.365979381443299,0.44,0.72,16.0,0.32,7.1,0,cooler,3.0
2139,27.353333333333325,30.01418477129465,0.394,27.9,1.4175257731958757,0.3299999999999999,0.35,7.6,-0.18,5.7,1,cooler,5.0
2140,28.296666666666667,29.26397550228565,0.3546666666666667,28.64,1.396048109965636,0.57,0.88,21.4,0.36,7.6,1,warmer,5.0
2143,27.21,28.398843116639984,0.1456666666666667,26.52,1.365979381443299,0.48,0.58,12.1,0.35,7.6,1,cooler,6.0
2144,27.396666666666665,28.931078835929853,0.1953333333333333,28.73,1.718213058419244,0.48,0.92,22.8,0.38,8.1,1,no change,5.0
2146,26.05,27.73186526957472,0.4916666666666667,30.19,1.2886597938144326,0.45,-0.25,6.3,-0.55,11.4,1,no change,5.0
2147,25.26,26.99996058752911,0.5193333333333333,58.970000000000006,1.718213058419244,0.38,0.06,5.1,-0.47,9.6,1,no change,5.0
2149,29.253333333333323,29.881168830371788,0.1873333333333333,28.78,1.5979381443298968,0.57,1.34,42.5,0.8,18.5,1,no change,6.0
2150,27.43,27.78516337115504,0.3226666666666667,28.010000000000005,1.3745704467353954,0.4,0.25,6.3,-0.13,5.4,1,no change,6.0
2152,26.616666666666667,29.315650414910333,0.4270000000000001,55.59,1.2457044673539517,0.53,0.44,9.1,0.08,5.1,1,cooler,4.0
2154,26.86,29.4772191280738,0.5193333333333333,29.88,1.258591065292096,0.36,-0.12,5.3,-0.51,10.5,1,no change,6.0
2155,24.55,25.729285950432487,0.5716666666666667,62.66,1.718213058419244,0.3299999999999999,-0.4,8.3,-0.82,19.2,1,cooler,5.0
2160,23.756666666666664,25.435631160519087,0.5346666666666665,61.78,1.3573883161512028,0.56,-0.51,10.5,-0.72,15.9,1,no change,4.0
6370,26.55,26.68,0.13,47.0,1.8373720136518767,0.6599999999999999,1.01,26.5,0.58,11.9,1,cooler,4.0
6794,25.04,25.37,0.6599999999999999,60.0,1.3656996587030714,0.35,-0.93,23.4,-1.08,29.6,0,cooler,1.0
6835,26.45,27.12,0.23,61.0,1.6139931740614333,0.4300000000000001,0.57,11.9,0.18,5.7,0,cooler,4.0
6837,26.78,27.26,0.1,61.0,1.4897610921501698,0.32,0.51,10.5,0.33,7.2,0,cooler,2.0
6839,25.86,26.06,0.29,64.0,1.390443686006826,0.38,-0.08,5.1,-0.3,6.8,1,cooler,5.0
44177,27.4,26.73,0.04,81.8,1.5,0.53,1.09,29.8,1.0,26.2,1,no change,6.0
44189,27.5,26.56,0.04,83.6,1.85,0.51,1.29,39.8,0.98,25.3,1,no change,4.0
44199,25.6,23.67,0.05,77.0,1.95,0.62,0.88,21.5,0.57,11.7,0,warmer,2.0
44200,27.5,26.82,0.05,84.1,1.68,0.66,1.34,42.4,1.13,32.0,1,cooler,4.0
44211,26.3,23.75,0.17,82.8,1.1,0.61,0.21,5.9,0.19,5.7,1,no change,6.0
44213,27.0,27.59,0.07,84.0,1.0,0.62,1.04,27.8,1.04,27.8,1,no change,5.0
44214,26.9,27.7,0.1,80.7,1.0,0.65,0.98,25.3,0.98,25.3,1,cooler,4.0
44215,27.1,28.07,0.05,79.8,1.2,0.76,1.37,43.7,1.37,43.7,1,cooler,5.0
44231,28.3,28.98,0.14,59.6,1.05,0.56,1.08,29.6,1.1,30.5,1,no change,5.0
44232,27.5,26.59,0.18,60.0,1.2,0.39,0.35,7.5,0.22,6.0,1,no change,6.0
44233,25.9,28.82,0.15,62.8,1.2,0.54,0.66,14.2,0.59,12.3,1,no change,5.0
44234,25.3,28.42,0.18,65.6,1.0,0.72,0.54,11.0,0.57,11.7,1,no change,5.0
44236,27.2,29.63,0.27,90.6,1.4,0.67,1.31,40.8,1.02,27.0,0,warmer,1.0
44237,27.2,28.72,0.33,91.4,1.0,0.59,0.79,18.2,0.64,13.7,1,no change,5.0
44238,28.4,28.61,0.28,86.0,1.0,0.51,0.97,24.9,0.81,18.8,1,cooler,4.0
44239,27.0,28.08,0.17,92.8,1.6,0.53,1.16,33.2,0.87,21.0,1,cooler,3.0
44240,25.2,29.26,0.23,75.9,1.18,0.57,0.56,11.5,0.43,8.8,1,no change,5.0
44241,28.3,27.18,0.19,84.7,1.25,0.59,1.13,31.7,0.93,23.3,1,no change,5.0
44243,28.7,29.88,0.14,82.6,1.33,0.42,1.41,46.1,1.21,35.6,1,no change,5.0
44244,27.7,29.75,0.1,81.0,1.33,0.42,1.22,36.3,1.12,31.7,1,no change,6.0
44245,28.7,30.07,0.09,64.6,1.1,0.42,1.33,42.0,1.33,42.0,1,no change,5.0
44247,26.3,28.77,0.36,55.4,1.6,0.57,0.77,17.3,0.26,6.4,1,no change,5.0
44248,28.5,29.78,0.53,63.4,1.25,0.39,0.74,16.6,0.21,5.9,1,no change,5.0
44249,28.6,29.31,0.44,69.3,1.05,0.43,0.71,15.5,0.35,7.5,1,cooler,5.0
44257,28.5,29.74,0.28,87.2,2.15,0.25,1.66,59.6,0.78,17.9,1,no change,5.0
44259,28.5,29.01,0.03,86.7,1.2,0.57,1.63,57.8,1.63,57.8,1,no change,5.0
44260,28.3,29.47,0.41,88.1,1.1,0.35,0.72,16.0,0.43,8.9,1,no change,5.0
44261,28.4,29.12,0.45,86.2,1.48,0.2,0.69,15.0,0.15,5.5,0,cooler,3.0
44263,27.0,29.51,0.23,76.9,1.08,0.4,0.59,12.3,0.48,9.8,1,no change,5.0
44264,28.0,31.18,0.32,83.1,1.95,0.57,1.75,64.7,1.12,31.6,1,no change,5.0
44265,27.7,28.86,0.41,83.7,1.2,0.4,0.67,14.3,0.34,7.4,1,no change,5.0
44266,27.5,29.81,0.4,79.4,1.3,0.2,0.26,6.4,-0.11,5.3,1,warmer,5.0
44267,29.1,28.86,0.47,79.2,1.8,0.38,1.43,47.4,0.66,14.1,1,no change,5.0
44268,28.4,30.54,0.23,83.0,1.15,0.68,1.62,57.4,1.42,46.4,1,cooler,4.0
44269,28.4,30.12,0.15,82.0,1.15,0.62,1.58,55.2,1.5,50.7,1,no change,5.0
44276,25.4,26.18,0.09,79.6,1.78,0.6,0.89,21.6,0.61,12.7,1,cooler,5.0
44277,25.4,26.35,0.21,81.6,1.4,0.51,0.35,7.6,0.17,5.6,1,cooler,4.0
44278,25.1,26.85,0.22,76.8,1.6,0.46,0.4,8.4,0.09,5.2,1,cooler,5.0
44280,25.5,26.64,0.36,75.8,1.2,0.68,0.41,8.5,0.2,5.8,1,cooler,5.0
44281,27.4,27.91,0.03,78.4,1.55,0.62,1.31,40.7,1.2,35.4,1,no change,5.0
44282,27.9,28.34,0.34,82.5,1.23,0.53,0.93,23.1,0.61,12.7,1,no change,5.0
44283,27.8,28.01,0.29,81.3,1.55,0.51,1.11,30.8,0.67,14.6,1,cooler,5.0
44284,27.7,28.51,0.27,83.8,1.23,0.62,1.1,30.7,0.85,20.1,1,no change,5.0
44285,27.7,28.5,0.25,79.8,1.08,0.53,0.87,21.0,0.71,15.5,1,no change,5.0
44290,28.8,30.22,0.43,79.0,1.05,0.42,1.0,26.0,0.63,13.2,1,no change,4.0
44291,28.8,30.22,0.43,79.0,1.1,0.27,0.7,15.4,0.33,7.2,1,no change,5.0
44292,28.8,29.87,0.32,84.9,1.35,0.42,1.3,40.1,0.87,21.0,1,no change,5.0
44293,27.6,27.6,0.32,82.8,1.05,0.4,0.31,6.9,0.16,5.5,1,warmer,5.0
44294,28.8,29.87,0.32,84.9,1.13,0.27,0.88,21.4,0.58,12.0,1,cooler,4.0
44300,27.7,29.22,0.83,88.4,1.35,0.59,0.97,24.9,0.46,9.5,1,cooler,5.0
44301,27.5,28.76,0.3,89.5,1.15,0.4,0.7,15.2,0.49,10.1,1,no change,5.0
44306,26.8,27.45,0.03,82.9,1.1,0.51,0.93,23.2,0.93,23.2,1,no change,5.0
44307,27.1,27.56,0.08,77.6,1.08,0.42,0.71,15.6,0.71,15.6,1,no change,5.0
44323,28.3,29.93,0.41,81.3,2.15,0.42,1.72,62.9,0.84,20.0,1,cooler,5.0
44324,28.6,28.88,0.67,82.3,1.13,0.42,0.71,15.5,0.27,6.5,1,cooler,5.0
44325,28.4,30.2,0.37,82.4,1.53,0.52,1.42,46.4,0.9,22.1,1,no change,5.0
44333,26.6,26.45,0.08,82.6,1.6,0.42,0.79,18.2,0.59,12.4,1,no change,5.0
44334,26.2,27.18,0.05,80.4,1.38,0.42,0.7,15.2,0.72,15.8,0,cooler,4.0
44338,28.4,29.74,0.61,80.8,1.23,0.76,1.38,44.5,0.92,23.1,1,no change,5.0
44344,28.0,29.58,0.92,84.9,1.0,0.4,0.1,5.2,-0.19,5.7,1,no change,5.0
44345,28.1,29.83,0.74,85.4,1.13,0.4,0.58,12.1,0.16,5.6,1,cooler,5.0
44350,29.2,30.15,0.94,83.1,1.13,0.42,0.97,24.9,0.39,8.2,1,no change,5.0
44357,26.7,27.95,0.87,82.9,1.0,0.35,-0.94,23.7,-0.95,24.2,1,no change,6.0
44363,28.2,28.38,0.18,48.6,1.0,0.68,0.92,23.0,0.87,21.0,1,warmer,5.0
44383,29.7,30.65,0.44,28.0,1.0,0.61,1.06,28.9,0.58,12.1,1,no change,5.0
44384,29.8,31.27,0.79,28.6,1.28,0.59,1.21,36.0,0.4,8.4,1,cooler,5.0
44391,29.8,30.77,0.47,88.9,1.0,0.51,1.61,57.0,1.22,36.3,1,no change,6.0
44392,28.0,29.39,0.67,90.2,1.1,0.56,0.92,22.9,0.54,11.2,1,no change,5.0
44393,28.2,29.16,0.45,89.8,1.2,0.42,0.92,22.9,0.56,11.5,1,no change,5.0
44400,29.3,30.46,0.41,87.1,1.58,0.42,1.6,56.3,0.99,25.8,1,cooler,5.0
44401,29.3,30.45,0.4,87.3,1.08,0.27,1.02,26.9,0.65,13.9,1,cooler,5.0
44402,29.3,30.2,0.38,87.0,1.0,0.44,1.28,39.1,0.97,24.8,1,no change,5.0
44408,25.2,25.05,0.07,75.4,1.95,0.36,0.54,11.2,0.18,5.6,1,warmer,5.0
44410,27.1,28.42,0.57,81.7,1.38,0.51,0.67,14.5,0.23,6.1,1,no change,6.0
44411,27.2,28.19,0.47,84.7,1.0,0.39,-0.06,5.1,-0.18,5.7,1,no change,6.0
44412,30.0,30.26,0.58,83.1,1.78,0.42,1.82,67.8,0.98,25.1,1,cooler,5.0
44413,29.7,31.02,0.6,84.1,1.28,0.36,1.4,45.4,0.75,16.8,1,no change,5.0
44420,25.3,25.08,0.31,82.5,1.4,0.81,0.62,13.1,0.38,7.9,1,warmer,5.0
44422,26.7,27.98,0.18,76.8,1.45,0.57,0.93,23.2,0.67,14.3,1,warmer,6.0
44423,27.1,27.64,0.17,81.1,1.0,0.51,0.6,12.5,0.63,13.4,1,no change,6.0
44428,29.0,29.76,0.21,87.2,1.53,0.42,1.53,52.4,1.12,31.6,1,no change,5.0
44429,29.0,29.72,0.18,87.6,1.13,0.68,1.73,63.4,1.61,56.7,1,no change,6.0
44434,24.1,25.15,0.08,76.8,2.13,0.87,1.14,32.4,0.77,17.4,1,no change,6.0
44436,23.8,25.59,0.75,80.1,1.0,0.87,-0.35,7.5,-0.45,9.3,1,no change,6.0
44438,27.7,27.7,0.12,80.9,1.98,0.61,1.54,53.3,1.08,29.6,1,no change,5.0
44440,27.3,27.83,0.16,78.2,1.5,0.68,1.21,35.7,0.94,23.8,1,no change,6.0
44443,26.3,26.69,0.03,76.3,1.18,0.57,0.85,20.4,0.85,20.4,1,no change,5.0
44445,26.6,27.15,0.05,82.8,1.15,0.68,1.09,30.2,1.09,30.2,1,no change,5.0
44452,30.0,30.57,0.01,44.2,1.08,0.57,1.71,62.2,1.71,62.2,1,cooler,5.0
44454,26.7,26.24,0.09,76.8,1.75,0.62,1.09,30.3,0.79,18.2,1,cooler,6.0
44459,25.7,26.71,0.25,28.2,2.15,0.59,0.9,22.0,0.19,5.7,1,no change,5.0
44461,28.5,28.9,0.25,84.1,1.8,0.59,1.62,57.2,1.11,30.9,1,cooler,6.0
44471,28.5,28.5,0.02,24.9,2.13,0.59,1.52,52.2,0.91,22.3,1,no change,5.0
44472,28.6,28.6,0.01,24.4,1.05,0.53,0.88,21.3,0.88,21.3,1,cooler,5.0
44478,27.2,27.08,0.02,83.8,1.88,0.61,1.41,46.0,1.13,32.0,1,no change,5.0
44495,25.7,25.51,0.2,79.2,1.48,0.51,0.4,8.4,0.18,5.7,1,no change,5.0
44498,28.9,29.95,0.04,80.1,1.43,0.59,1.72,62.8,1.67,59.9,1,no change,5.0
44499,28.5,29.27,0.03,82.3,1.4,0.42,1.45,48.4,1.47,49.4,1,no change,3.0
44500,27.7,28.44,0.19,82.2,1.4,0.51,1.1,30.7,0.83,19.7,1,cooler,3.0
44513,29.1,30.08,0.49,81.2,1.0,0.42,0.98,25.3,0.6,12.5,1,cooler,5.0
44514,29.4,29.88,0.46,78.9,1.18,0.4,1.22,36.3,0.72,16.0,1,cooler,5.0
44522,27.5,28.89,0.09,79.4,1.25,0.61,1.27,38.7,1.26,38.2,1,cooler,4.0
44523,28.9,29.38,0.11,86.9,1.0,0.79,1.83,68.7,1.83,68.7,1,no change,5.0
44524,27.9,27.9,0.07,79.3,2.25,0.58,1.79,66.7,1.22,36.2,1,cooler,5.0
44534,25.5,26.06,0.19,76.3,1.6,0.59,0.64,13.6,0.36,7.6,1,no change,5.0
44535,25.7,26.3,0.25,78.8,1.35,0.61,0.48,9.8,0.27,6.5,1,no change,5.0
44536,26.1,25.96,0.06,76.9,1.0,0.77,0.77,17.4,0.77,17.4,1,no change,5.0
44537,25.8,26.09,0.07,82.3,1.4,0.37,0.38,7.9,0.36,7.8,1,warmer,5.0
44538,28.2,26.87,0.21,80.2,1.13,0.57,0.94,23.8,0.78,18.0,1,no change,5.0
44539,26.7,28.63,0.16,83.0,1.13,0.42,0.67,14.4,0.64,13.7,1,no change,6.0
44540,27.5,27.72,0.35,77.8,1.1,0.68,0.89,21.9,0.64,13.6,1,no change,6.0
44541,28.8,29.56,0.07,79.8,1.18,0.57,1.63,57.8,1.63,57.8,1,no change,6.0
44542,28.9,29.92,0.28,82.0,1.1,0.52,1.38,44.3,1.11,31.0,0,cooler,4.0
44543,29.4,30.21,0.27,80.4,1.8,0.66,1.91,72.5,1.37,44.0,1,cooler,5.0
44545,29.6,30.2,0.82,80.8,1.28,0.68,1.61,57.1,1.0,26.3,1,cooler,5.0
44546,29.2,30.37,0.77,85.5,1.65,0.35,1.39,44.8,0.56,11.6,1,no change,5.0
44548,27.4,28.63,0.47,77.9,1.0,0.35,-0.12,5.3,-0.25,6.2,1,no change,5.0
44552,28.2,28.8,0.02,77.9,1.63,0.66,1.59,55.8,1.44,47.4,1,no change,5.0
44553,28.5,29.04,0.05,80.9,1.25,0.27,1.17,33.6,1.17,33.6,1,no change,5.0
44555,29.2,30.28,0.63,78.4,1.6,0.2,1.07,29.1,0.2,5.8,0,cooler,5.0
44556,29.2,30.28,0.63,78.4,1.0,0.2,0.19,5.8,-0.12,5.3,1,no change,5.0
44557,27.5,28.16,0.34,83.7,1.6,0.25,0.63,13.3,0.14,5.4,1,warmer,5.0
44562,27.7,27.7,0.13,83.3,1.03,0.42,0.73,16.2,0.83,19.6,1,no change,6.0
44567,28.2,29.79,0.59,81.2,1.38,0.44,0.98,25.4,0.43,8.8,1,cooler,5.0
44568,28.2,29.94,0.75,83.2,1.0,0.35,0.18,5.6,-0.11,5.3,1,no change,6.0
44591,30.0,30.61,0.85,86.0,1.0,0.61,1.63,58.0,1.09,30.0,1,no change,5.0
44592,29.6,30.4,0.62,85.0,1.45,0.25,1.22,36.5,0.48,9.9,0,cooler,5.0
44598,25.5,26.27,0.22,81.7,1.15,0.57,0.27,6.5,0.19,5.7,1,no change,5.0
44599,25.2,26.71,0.2,81.6,1.05,0.42,-0.25,6.3,-0.19,5.7,1,no change,4.0
44600,30.0,30.18,0.17,85.2,1.03,0.57,1.88,71.1,1.81,67.7,1,no change,6.0
44614,26.3,27.68,0.64,73.5,1.05,0.47,-0.35,7.5,-0.49,10.1,1,cooler,5.0
44615,26.6,27.05,0.36,73.2,1.13,0.49,0.18,5.7,-0.02,5.0,1,warmer,5.0
44616,26.6,27.05,0.36,73.2,1.3,0.42,0.19,5.8,-0.07,5.1,1,warmer,5.0
44621,26.1,26.35,0.48,69.8,1.23,0.42,-0.29,6.7,-0.48,9.8,1,no change,6.0
44622,26.4,26.62,0.32,73.2,1.5,0.51,0.54,11.2,0.18,5.7,1,no change,5.0
44623,26.1,26.3,0.23,70.2,1.1,0.27,-0.61,12.7,-0.55,11.2,1,no change,5.0
44635,26.4,26.4,0.27,70.7,1.28,0.71,0.66,14.2,0.42,8.7,1,cooler,5.0
44636,26.4,26.65,0.02,69.4,1.1,0.62,0.79,18.1,0.79,18.1,1,warmer,5.0
44637,26.3,29.16,0.71,69.8,1.03,0.62,0.16,5.5,-0.12,5.3,1,no change,6.0
44659,25.2,25.88,0.36,52.7,1.7,0.77,0.67,14.3,0.23,6.1,1,cooler,5.0
44661,27.9,30.2,0.74,27.5,1.7,0.64,1.06,28.6,0.25,6.3,0,cooler,4.0
44662,27.9,30.2,0.74,27.5,1.03,0.39,-0.23,6.1,-0.57,11.8,1,cooler,5.0
44663,26.3,26.94,0.3,59.8,1.1,0.43,-0.17,5.6,-0.27,6.5,1,no change,5.0
44664,26.7,26.27,0.06,53.9,1.2,0.59,0.65,13.9,0.65,13.9,1,cooler,5.0
44665,29.6,31.2,0.4,27.4,1.13,0.57,1.2,35.4,0.66,14.3,1,cooler,5.0
44666,28.2,30.81,0.57,27.6,1.38,0.24,0.29,6.8,-0.38,8.0,1,cooler,5.0
44669,27.9,28.94,0.08,35.1,1.3,0.52,0.93,23.3,0.88,21.4,1,cooler,5.0
44672,28.2,29.49,0.32,29.0,1.3,0.52,0.76,17.3,0.31,7.0,1,cooler,5.0
44675,29.4,29.4,0.19,31.3,1.35,0.36,0.97,25.0,0.56,11.6,1,cooler,5.0
44699,28.7,29.79,0.34,77.6,1.8,0.62,1.68,60.6,1.08,29.6,1,no change,4.0
44701,28.9,29.99,0.64,77.5,1.2,0.19,0.38,8.1,-0.1,5.2,1,no change,6.0
44702,29.6,28.76,0.68,75.0,1.6,0.18,0.92,23.0,0.06,5.1,1,no change,5.0
44703,28.7,28.51,0.2,78.5,1.8,0.61,1.62,57.3,1.13,31.8,1,no change,5.0
44704,28.7,28.18,0.56,78.2,1.2,0.18,0.04,5.0,-0.28,6.6,1,no change,5.0
44705,28.9,28.68,0.36,77.3,1.1,0.2,0.32,7.2,0.07,5.1,1,no change,4.0
44706,26.7,27.64,0.2,88.2,1.1,0.61,0.82,19.1,0.74,16.5,1,no change,5.0
44711,28.1,29.34,0.87,79.5,1.1,0.46,0.5,10.3,0.07,5.1,1,no change,5.0
44712,28.4,29.5,0.66,70.0,1.4,0.61,1.17,33.8,0.56,11.7,1,cooler,4.0
44728,28.9,29.58,0.14,84.0,1.0,0.33,1.19,34.6,1.29,39.6,1,no change,5.0
44729,28.7,28.39,0.87,83.3,1.1,0.59,0.96,24.4,0.48,9.9,1,no change,6.0
44731,27.1,28.47,0.14,84.1,1.1,0.31,0.54,11.1,0.6,12.4,1,no change,4.0
44732,26.9,27.93,0.53,85.2,1.8,0.4,0.84,19.9,0.2,5.9,1,no change,4.0
44734,27.5,27.5,0.06,86.1,1.1,0.48,1.02,27.0,1.02,27.0,0,cooler,3.0
44735,27.3,27.45,0.08,86.4,1.0,0.68,1.17,33.7,1.17,33.7,1,no change,5.0
44736,28.9,29.74,0.69,61.2,1.1,0.31,0.36,7.8,-0.12,5.3,1,cooler,4.0
44750,26.5,25.57,0.84,54.1,1.1,0.53,-0.49,10.1,-0.68,14.6,1,no change,6.0
44751,26.6,27.55,0.91,88.2,1.0,0.76,0.42,8.7,0.14,5.4,1,no change,5.0
44752,26.5,27.8,0.95,88.4,1.03,0.46,-0.46,9.4,-0.59,12.2,1,no change,6.0
44755,28.6,29.75,0.73,60.9,1.0,0.76,1.08,29.5,0.61,12.7,1,cooler,4.0
44765,27.9,29.26,0.63,85.6,1.4,0.61,1.15,32.7,0.65,13.8,1,no change,5.0
44767,27.9,27.9,0.17,84.6,1.1,0.62,1.15,32.7,1.08,29.5,1,no change,6.0
44768,27.9,27.75,0.08,69.8,1.8,0.61,1.41,45.9,1.03,27.6,0,cooler,3.0
44770,26.8,26.99,0.22,72.3,1.8,0.41,0.85,20.1,0.36,7.7,1,no change,5.0
44771,29.3,30.66,0.64,58.4,1.1,0.52,1.13,31.8,0.53,10.9,1,no change,4.0
44777,28.9,29.69,0.58,73.4,1.1,0.36,0.7,15.3,0.24,6.2,1,cooler,4.0
44778,28.8,29.4,0.8,73.0,1.1,0.53,0.9,22.3,0.38,7.9,1,no change,5.0
44779,29.0,29.82,0.63,73.6,1.0,0.31,0.38,8.0,0.01,5.0,1,no change,5.0
44781,27.1,28.59,0.79,86.9,1.15,0.4,0.07,5.1,-0.23,6.1,1,no change,6.0
44782,28.1,28.96,0.32,73.2,1.0,0.52,0.78,17.8,0.56,11.7,1,no change,5.0
44783,28.4,28.87,0.41,72.3,1.1,0.25,0.22,6.0,-0.05,5.1,1,no change,6.0
44786,24.5,28.13,0.44,50.6,1.1,0.76,0.07,5.1,-0.12,5.3,1,no change,6.0
44802,28.2,28.98,0.57,68.4,1.63,0.32,0.84,19.9,0.11,5.3,1,cooler,3.0
44803,28.3,29.76,0.07,68.9,1.1,0.19,0.95,24.2,0.95,24.2,1,no change,4.0
44807,29.6,30.66,0.6,79.4,1.4,0.37,1.38,44.7,0.67,14.4,0,cooler,3.0
44808,29.8,30.52,0.46,78.8,1.25,0.59,1.67,60.3,1.15,32.8,1,cooler,4.0
44810,28.4,29.63,0.87,76.7,1.28,0.79,1.33,41.8,0.78,18.0,1,no change,4.0
44813,27.6,28.92,0.58,86.8,1.0,0.56,0.59,12.4,0.32,7.1,1,no change,4.0
44816,28.5,29.3,0.61,67.5,1.0,0.4,0.33,7.2,-0.02,5.0,1,no change,5.0
44828,28.9,28.9,0.28,75.0,1.4,0.61,1.41,46.2,1.0,26.2,1,no change,4.0
44830,26.8,27.31,0.14,87.4,1.0,0.61,0.79,18.2,0.88,21.4,1,no change,5.0
44831,28.3,26.57,0.21,84.6,1.05,0.35,0.4,8.4,0.34,7.4,1,no change,4.0
44832,27.6,28.75,0.71,70.1,1.0,0.76,0.77,17.5,0.4,8.3,1,no change,6.0
44834,29.8,30.27,0.43,64.1,1.3,0.76,1.7,61.5,1.17,33.8,1,cooler,4.0
44835,29.7,30.56,0.74,64.1,1.0,0.4,0.88,21.3,0.3,6.8,1,no change,4.0
44849,29.9,27.72,0.63,77.1,1.0,0.4,0.72,15.9,0.29,6.7,1,no change,4.0
44850,29.0,28.77,0.42,79.3,1.0,0.18,0.01,5.0,-0.14,5.4,1,no change,5.0
44853,27.4,27.98,0.22,82.0,1.1,0.59,0.91,22.5,0.78,17.8,0,cooler,3.0
44854,27.6,28.52,0.39,74.2,1.0,0.76,0.96,24.7,0.71,15.7,1,no change,4.0
44855,27.8,28.73,0.87,73.1,1.1,0.59,0.6,12.6,0.16,5.5,1,cooler,4.0
44856,28.4,29.2,0.11,71.4,1.8,0.61,1.61,56.9,1.18,34.5,1,no change,4.0
44857,28.5,28.95,0.36,71.1,1.1,0.2,0.17,5.6,-0.07,5.1,1,no change,5.0
44865,27.6,28.86,0.5,84.2,2.13,0.52,1.55,53.9,0.77,17.4,1,no change,5.0
44866,28.0,28.59,0.78,82.5,1.05,0.4,0.15,5.5,-0.15,5.4,1,no change,4.0
44871,25.5,27.09,0.56,49.7,1.0,0.56,-0.67,14.4,-0.74,16.4,1,cooler,4.0
44872,27.1,29.19,0.56,54.0,1.1,0.42,0.01,5.0,-0.29,6.8,1,no change,5.0
44877,29.3,30.12,0.65,79.0,1.1,0.37,0.94,23.8,0.42,8.6,1,no change,4.0
44879,27.5,28.1,0.79,81.7,1.18,0.52,0.51,10.5,0.1,5.2,1,no change,6.0
44880,27.6,28.19,0.76,81.5,1.1,0.33,-0.2,5.8,-0.41,8.6,1,no change,5.0
44881,28.0,27.83,0.14,68.9,1.45,0.37,0.89,21.8,0.62,13.0,1,no change,6.0
44882,28.1,28.1,0.15,68.0,1.2,0.38,0.8,18.6,0.69,14.9,1,no change,5.0
44894,27.8,29.28,0.19,72.2,1.4,0.37,0.96,24.5,0.64,13.7,1,no change,4.0
44895,28.7,29.83,0.7,69.5,1.45,0.42,1.02,27.1,0.32,7.1,0,cooler,3.0
44896,28.8,29.35,0.65,68.8,1.1,0.41,0.65,13.9,0.17,5.6,1,no change,5.0
44898,28.7,29.47,0.53,85.8,1.0,0.59,1.13,31.9,0.78,17.8,1,cooler,4.0
44899,28.5,29.88,0.65,86.7,1.1,0.35,0.62,13.1,0.22,6.0,1,no change,5.0
44900,28.8,29.35,0.64,76.9,1.0,0.52,0.84,19.8,0.42,8.7,1,cooler,4.0
44901,28.6,29.56,0.45,76.8,1.0,0.4,0.65,14.0,0.35,7.5,1,cooler,4.0
44902,28.6,29.66,0.59,76.9,1.0,0.42,0.59,12.4,0.23,6.1,0,cooler,3.0
44903,29.7,30.63,0.89,67.4,1.0,0.52,1.13,32.0,0.5,10.3,1,cooler,5.0
44904,29.6,30.98,0.67,66.7,1.4,0.68,1.64,58.6,0.96,24.3,0,cooler,3.0
44908,29.6,30.16,0.69,73.1,1.1,0.26,0.68,14.8,0.12,5.3,1,no change,6.0
44909,29.5,30.5,0.52,73.2,1.1,0.36,1.08,29.7,0.55,11.3,1,no change,6.0
44914,28.5,30.6,0.58,77.2,1.1,0.61,1.24,37.2,0.79,18.0,0,cooler,4.0
44920,27.3,28.45,0.39,83.0,1.0,0.59,0.63,13.4,0.43,8.9,0,cooler,3.0
44921,28.5,27.16,0.35,78.5,1.25,0.41,0.7,15.2,0.35,7.5,1,no change,4.0
44923,28.5,28.66,0.1,78.2,1.1,0.59,1.38,44.6,1.38,44.6,1,warmer,3.0
44925,27.2,28.48,0.94,66.9,1.1,0.56,0.22,6.0,-0.17,5.6,1,no change,6.0
44927,27.6,29.15,0.87,85.5,1.1,0.8,1.1,30.4,0.7,15.2,1,no change,4.0
44928,27.8,28.75,0.92,85.1,1.1,0.42,0.22,6.0,-0.13,5.4,0,cooler,2.0
44932,25.9,24.66,0.46,59.7,1.1,0.76,0.1,5.2,-0.11,5.2,1,warmer,4.0
44946,28.8,29.11,0.87,83.8,1.0,0.4,0.41,8.5,0.04,5.0,1,no change,4.0
44949,26.9,27.39,0.11,68.9,1.8,0.61,1.19,34.7,0.81,18.7,1,no change,4.0
44950,26.8,27.39,0.07,69.6,1.1,0.25,0.27,6.5,0.27,6.5,0,cooler,2.0
44972,25.2,28.28,0.66,46.3,1.0,0.76,-0.17,5.6,-0.36,7.7,1,no change,5.0
44975,28.2,29.41,0.27,83.9,1.8,0.37,1.37,44.1,0.78,17.8,0,cooler,2.0
44979,27.6,28.76,0.74,71.6,1.15,0.52,0.5,10.3,0.08,5.1,1,no change,6.0
44985,25.3,26.06,0.49,59.4,1.1,0.59,-0.34,7.4,-0.47,9.7,1,no change,5.0
44989,27.6,29.63,0.74,43.7,1.1,0.59,0.43,8.9,-0.02,5.0,1,no change,6.0
44997,28.9,28.72,0.19,76.2,1.6,0.61,1.54,53.3,1.13,32.1,1,no change,4.0
45002,28.2,27.12,0.61,82.5,1.1,0.18,-0.65,13.8,-0.68,14.6,1,no change,6.0
45003,27.4,28.2,0.25,86.3,1.1,0.61,0.98,25.2,0.82,19.1,1,no change,5.0
45005,27.3,28.46,0.73,85.7,1.0,0.35,-0.42,8.7,-0.51,10.5,1,no change,5.0
45006,27.9,27.26,0.1,84.6,1.8,0.27,1.07,29.3,0.67,14.4,0,cooler,3.0
45007,27.5,27.7,0.23,73.6,1.8,0.76,1.42,46.6,0.96,24.7,1,no change,5.0
45008,27.5,28.12,0.85,75.9,1.1,0.59,0.47,9.7,0.08,5.1,1,no change,4.0
45012,28.0,29.3,0.98,67.2,1.05,0.4,-0.02,5.0,-0.37,7.8,1,no change,6.0
45015,30.0,30.8,0.62,72.1,1.1,0.37,1.26,38.1,0.62,13.0,1,no change,6.0
45027,27.7,28.44,0.48,81.9,1.2,0.25,0.09,5.2,-0.18,5.7,1,no change,6.0
45028,27.6,28.32,0.44,83.7,1.8,0.37,1.03,27.6,0.38,8.0,1,no change,4.0
45029,27.6,27.85,0.49,82.3,1.2,0.44,0.52,10.8,0.19,5.7,1,no change,5.0
45030,26.6,26.6,0.22,81.6,1.0,0.74,0.67,14.5,0.62,13.1,0,warmer,3.0
45034,30.0,32.73,0.87,50.3,1.0,0.56,1.41,46.1,0.65,14.0,1,no change,5.0
45041,27.1,27.1,0.17,80.4,1.65,0.64,1.16,33.5,0.83,19.5,1,no change,6.0
45042,27.0,26.83,0.12,81.2,1.1,0.25,0.1,5.2,0.23,6.1,1,no change,4.0
45044,27.5,28.89,0.66,87.2,1.1,0.59,0.75,16.7,0.4,8.3,1,no change,5.0
45046,25.7,26.65,0.42,82.9,1.05,0.64,0.11,5.3,-0.03,5.0,1,no change,6.0
45047,26.2,26.69,0.46,81.7,1.0,0.4,-0.66,14.0,-0.64,13.5,1,no change,5.0
45048,26.6,26.29,0.81,79.7,1.1,0.65,0.2,5.8,-0.09,5.2,0,warmer,4.0
45051,28.9,29.97,0.6,69.8,1.58,0.41,1.23,36.9,0.47,9.6,1,cooler,4.0
45052,29.3,29.73,0.06,67.8,1.8,0.38,1.66,59.6,1.2,35.2,1,no change,4.0
45057,28.8,30.87,0.8,84.2,1.0,0.4,0.72,16.1,0.29,6.7,1,no change,6.0
45058,29.2,29.99,0.59,82.8,1.0,0.33,0.69,15.1,0.31,7.0,1,no change,4.0
45065,29.7,30.94,0.9,66.3,1.1,0.76,1.62,57.3,1.0,26.0,0,cooler,3.0
45066,29.6,30.53,0.89,66.7,1.0,0.33,0.57,11.8,0.02,5.0,1,no change,5.0
45076,29.6,30.08,0.45,78.7,1.1,0.53,1.46,48.7,1.01,26.4,1,no change,6.0
45078,29.6,30.47,0.77,78.9,1.0,0.59,1.38,44.5,0.85,20.1,1,no change,5.0
45083,29.7,30.03,0.13,80.2,1.8,0.28,1.74,63.9,1.17,33.6,1,no change,5.0
45084,27.2,26.79,0.26,79.0,1.2,0.76,1.02,26.9,0.81,18.7,1,no change,5.0
45085,26.9,26.9,0.23,80.4,1.0,0.53,0.34,7.4,0.3,6.8,1,no change,5.0
45086,27.1,27.27,0.14,80.9,1.0,0.35,0.26,6.4,0.4,8.3,1,no change,6.0
45087,27.2,27.38,0.17,80.4,1.0,0.51,0.57,11.8,0.6,12.6,0,cooler,2.0
45088,26.9,27.35,0.37,81.4,1.0,0.61,0.41,8.6,0.26,6.4,1,no change,6.0
45089,26.8,27.04,0.41,81.2,1.0,0.36,-0.46,9.4,-0.47,9.6,0,warmer,3.0
45090,28.6,28.6,0.16,84.5,1.1,0.61,1.4,45.3,1.33,41.7,1,no change,6.0
45094,25.5,26.55,0.15,83.7,1.8,0.65,0.98,25.5,0.65,13.9,0,warmer,4.0
45095,25.7,25.35,0.15,82.3,1.1,0.38,-0.22,6.0,-0.14,5.4,1,no change,5.0
45098,28.8,29.71,0.84,68.8,1.1,0.51,0.84,19.9,0.29,6.7,1,cooler,5.0
45108,30.0,31.99,0.73,73.6,1.38,0.64,1.83,68.7,1.12,31.4,0,cooler,3.0
45109,30.0,31.49,0.82,73.4,1.1,0.2,0.81,18.9,0.11,5.3,1,cooler,4.0
45114,26.5,24.27,0.34,81.8,1.5,0.61,0.56,11.6,0.23,6.1,1,no change,6.0
45115,26.0,25.68,0.88,83.7,1.0,0.42,-1.24,37.2,-1.17,33.6,1,no change,6.0
45116,29.2,26.45,0.49,80.5,1.1,0.61,1.03,27.5,0.65,13.8,1,no change,4.0
45117,27.9,28.35,0.36,84.7,1.0,0.59,0.85,20.1,0.63,13.4,1,no change,4.0
45118,27.8,28.34,0.62,85.3,1.1,0.41,0.32,7.2,0.02,5.0,1,no change,6.0
45119,28.1,28.35,0.51,84.3,1.0,0.4,0.28,6.7,0.06,5.1,1,no change,4.0
45120,27.9,29.13,0.86,85.2,1.0,0.42,0.11,5.2,-0.16,5.6,1,no change,4.0
45121,26.1,27.26,0.22,82.3,1.15,0.76,0.86,20.5,0.73,16.3,0,warmer,4.0
45122,25.5,27.23,0.14,83.0,1.2,0.53,0.52,10.6,0.5,10.2,1,no change,5.0
45123,27.9,28.82,0.39,70.9,1.1,0.61,0.92,22.8,0.6,12.4,1,no change,6.0
45124,27.8,28.31,0.13,71.6,1.4,0.37,0.91,22.3,0.69,15.0,1,no change,4.0
45135,29.2,29.63,0.07,74.4,1.8,0.61,1.82,68.0,1.44,47.6,0,cooler,3.0
45137,29.1,29.59,0.12,74.8,1.8,0.53,1.73,63.5,1.26,38.4,0,cooler,2.0
45138,29.3,30.14,0.69,71.2,1.45,0.61,1.48,50.1,0.79,18.3,0,cooler,2.0
45139,29.1,30.24,0.73,70.8,1.1,0.38,0.78,17.9,0.23,6.1,0,no change,3.0
45140,26.5,27.19,0.38,83.3,1.05,0.61,0.38,8.0,0.21,5.9,1,no change,4.0
45153,29.4,28.91,0.12,73.6,1.8,0.64,1.79,66.3,1.35,42.6,0,cooler,4.0
45154,29.2,29.81,0.84,73.6,1.25,0.68,1.39,44.9,0.77,17.5,0,cooler,3.0
45156,29.4,30.26,0.73,74.1,1.0,0.33,0.62,13.1,0.14,5.4,1,no change,4.0
45157,27.2,27.4,0.24,87.8,1.6,0.56,1.09,30.1,0.73,16.2,1,no change,5.0
45160,27.3,27.3,0.19,87.6,1.0,0.59,0.77,17.6,0.76,17.1,1,no change,6.0
45161,27.9,28.63,0.46,80.3,1.0,0.56,0.69,14.9,0.42,8.6,1,no change,5.0
45162,27.9,28.71,0.62,80.0,1.0,0.37,0.01,5.0,-0.21,5.9,1,no change,6.0
45163,28.1,28.73,0.89,79.4,1.0,0.35,-0.22,6.0,-0.42,8.8,1,cooler,5.0
45166,28.9,30.1,0.81,71.1,1.0,0.56,0.92,22.9,0.42,8.6,1,no change,5.0
45167,28.9,30.45,0.9,71.1,1.0,0.41,0.53,11.0,0.05,5.0,1,no change,6.0
45169,28.8,29.58,0.24,59.0,1.1,0.59,1.22,36.4,0.97,24.9,1,no change,6.0
45177,28.9,30.04,0.72,71.8,1.0,0.42,0.62,13.1,0.17,5.6,1,cooler,3.0
45178,27.5,28.08,0.73,71.9,1.2,0.57,0.6,12.6,0.16,5.5,1,cooler,5.0
45179,27.4,28.21,0.61,72.4,1.0,0.35,-0.42,8.7,-0.52,10.7,1,cooler,4.0
45202,27.8,29.25,0.74,75.5,1.05,0.4,0.13,5.4,-0.18,5.7,1,no change,5.0
45209,29.5,29.97,0.43,69.6,1.1,0.27,0.83,19.4,0.36,7.8,1,cooler,5.0
45217,29.1,31.02,0.23,75.0,1.8,0.42,1.74,63.8,1.09,30.2,0,cooler,3.0
45218,27.9,27.0,0.78,58.2,1.1,0.37,-0.31,7.0,-0.57,11.7,1,no change,5.0
45220,27.9,29.24,0.6,74.8,1.1,0.65,0.95,23.9,0.54,11.1,1,no change,5.0
45221,28.3,28.62,0.94,74.4,1.0,0.4,-0.03,5.0,-0.32,7.2,1,no change,4.0
45227,29.8,29.8,0.82,70.7,1.15,0.91,1.77,65.6,1.24,37.0,1,cooler,5.0
45229,26.5,24.43,0.37,49.4,1.8,0.51,0.5,10.2,-0.03,5.0,1,no change,6.0
45238,24.9,25.2,0.73,69.5,1.0,0.82,-0.27,6.6,-0.41,8.5,1,no change,6.0
45250,29.2,30.48,0.54,79.0,1.1,0.35,0.99,25.7,0.5,10.2,0,cooler,2.0
45253,29.3,27.43,0.14,80.5,1.0,0.42,0.99,25.9,1.06,28.6,1,no change,5.0
45254,29.5,27.61,0.14,80.3,1.8,0.37,1.52,52.1,1.01,26.3,0,cooler,3.0
45256,28.5,27.84,0.12,78.4,1.0,0.72,1.35,42.7,1.35,42.7,1,cooler,4.0
45259,28.8,29.41,0.84,76.2,1.1,0.35,0.45,9.2,-0.02,5.0,1,no change,5.0
45261,28.0,29.56,0.89,61.0,1.2,0.2,-0.41,8.5,-0.77,17.5,1,no change,5.0
45263,27.8,28.71,0.38,81.7,1.8,0.37,1.14,32.3,0.49,10.0,1,no change,4.0
45264,27.7,28.98,0.93,82.6,1.0,0.52,0.27,6.5,-0.05,5.1,1,no change,5.0
45270,29.9,31.13,0.88,69.4,1.0,0.4,1.04,27.7,0.38,8.1,1,no change,5.0
45271,27.1,28.84,0.48,50.9,1.1,0.52,0.27,6.5,-0.05,5.1,1,no change,6.0
45272,29.6,29.6,0.7,71.0,1.0,0.46,0.94,23.6,0.41,8.6,1,no change,4.0
45276,27.1,29.07,1.0,85.3,1.0,0.52,0.02,5.0,-0.23,6.1,1,no change,5.0
45279,27.4,27.57,0.15,77.1,1.0,0.42,0.49,9.9,0.57,11.9,1,no change,4.0
45280,27.6,27.45,0.07,76.8,1.0,0.42,0.74,16.5,0.74,16.5,1,warmer,4.0
45281,27.3,27.3,0.39,78.8,1.6,0.56,0.97,24.8,0.49,9.9,1,no change,5.0
45284,29.6,30.84,0.9,73.6,1.15,0.34,0.98,25.2,0.28,6.7,1,cooler,5.0
45292,29.4,30.44,0.56,77.0,1.4,0.57,1.55,53.6,0.93,23.2,1,no change,5.0
45293,29.7,30.71,0.52,77.7,1.13,0.53,1.55,53.4,1.02,27.1,1,cooler,3.0
45294,29.5,30.5,0.26,77.2,1.18,0.51,1.61,57.0,1.28,39.5,1,cooler,5.0
45325,27.5,28.13,0.3,62.5,1.1,0.53,0.58,12.0,0.35,7.5,1,cooler,5.0
45326,27.3,24.07,0.72,59.2,1.1,0.42,-0.69,15.0,-0.8,18.6,1,no change,5.0
45327,27.9,27.47,0.32,57.7,1.18,0.36,0.28,6.6,0.01,5.0,1,cooler,3.0
45328,26.8,28.49,0.3,63.9,1.18,0.27,-0.06,5.1,-0.23,6.1,0,cooler,2.0
45332,27.1,28.91,0.38,65.2,1.0,0.35,-0.16,5.5,-0.27,6.5,1,cooler,4.0
45333,24.0,27.84,0.36,60.0,1.98,0.37,0.24,6.2,-0.4,8.3,1,no change,5.0
45337,29.7,30.11,0.27,63.0,1.2,0.57,1.55,53.6,1.16,33.5,1,cooler,4.0
45338,29.2,30.12,0.4,62.7,1.0,0.42,0.91,22.5,0.53,10.8,1,cooler,5.0
45339,29.2,30.98,0.54,63.0,1.0,0.27,0.53,10.9,0.09,5.2,1,no change,3.0
45341,29.7,29.51,0.23,61.3,1.0,0.35,1.01,26.6,0.82,19.2,0,cooler,3.0
45358,27.2,27.72,0.15,50.7,1.2,0.4,0.44,9.0,0.35,7.6,1,cooler,5.0
45360,26.7,26.1,0.08,65.3,1.08,0.42,0.27,6.5,0.27,6.5,1,cooler,5.0
45361,29.7,32.04,0.43,74.7,1.2,0.42,1.63,58.0,1.06,28.9,0,cooler,3.0
45363,28.6,33.2,0.0,73.0,1.63,0.27,1.89,71.4,1.72,63.0,1,cooler,3.0
45373,29.3,29.93,0.1,75.1,1.4,0.51,1.63,58.0,1.43,47.1,1,cooler,3.0
45374,28.1,29.98,0.21,57.9,1.25,0.2,0.56,11.6,0.29,6.8,1,cooler,4.0
45375,29.4,30.06,0.36,75.8,1.2,0.39,1.29,39.5,0.83,19.5,1,no change,6.0
45387,29.0,30.2,0.45,76.7,1.1,0.35,0.93,23.2,0.5,10.2,1,no change,6.0
45404,28.7,28.1,0.25,52.0,1.1,0.57,0.9,21.9,0.64,13.7,1,no change,6.0
45405,28.9,28.23,0.36,53.8,1.13,0.4,0.62,13.0,0.24,6.2,1,no change,5.0
45407,29.6,30.85,0.51,59.5,1.23,0.22,0.85,20.3,0.19,5.7,1,cooler,5.0
45423,28.8,30.17,0.24,83.3,1.23,0.51,1.45,47.9,1.16,33.2,0,cooler,2.0
45424,29.7,29.21,0.47,80.7,1.35,0.44,1.38,44.3,0.8,18.4,0,cooler,2.0
45430,29.3,30.14,0.3,61.1,1.1,0.37,1.06,28.5,0.69,14.9,1,cooler,3.0
45431,29.4,30.51,0.2,61.8,1.0,0.53,1.44,47.6,1.31,40.6,1,no change,5.0
45453,26.2,24.6,0.36,57.1,1.25,0.78,0.37,7.9,0.11,5.3,1,no change,5.0
45455,29.7,31.16,0.78,63.0,1.08,0.33,0.89,21.8,0.21,6.0,1,no change,5.0
45456,28.8,30.6,0.38,59.6,1.15,0.39,0.97,25.0,0.52,10.6,1,cooler,5.0
45464,29.5,30.86,0.64,70.3,1.13,0.35,1.04,28.0,0.42,8.7,1,cooler,4.0
45467,27.1,26.84,0.55,52.9,1.2,0.35,-0.31,7.0,-0.54,11.2,1,no change,5.0
45468,29.9,29.67,0.42,62.8,1.1,0.24,0.78,18.0,0.3,6.8,1,no change,5.0
45485,28.5,30.81,0.55,57.7,1.2,0.39,0.81,19.0,0.26,6.4,1,warmer,3.0
45486,29.0,30.64,0.65,51.1,1.1,0.47,0.86,20.6,0.28,6.6,1,no change,6.0
45487,28.8,29.95,0.4,67.0,1.3,0.26,0.77,17.6,0.25,6.3,1,cooler,5.0
45488,29.0,29.4,0.26,67.6,1.6,0.27,1.17,33.9,0.56,11.6,1,cooler,4.0
45493,26.8,27.08,0.68,77.7,1.6,1.49,1.57,54.7,1.2,35.4,1,warmer,4.0
45494,25.9,26.49,0.01,81.7,1.05,0.32,0.08,5.1,0.08,5.1,1,cooler,5.0
45495,26.1,26.33,0.01,83.6,1.35,0.58,0.88,21.3,0.88,21.3,1,no change,5.0
45496,25.6,25.91,0.08,86.3,1.05,0.36,0.03,5.0,0.03,5.0,1,no change,5.0
45504,28.4,28.4,0.43,61.3,1.8,0.62,1.38,44.5,0.69,15.0,1,no change,5.0
45505,28.9,29.51,0.28,58.0,1.2,0.35,0.91,22.3,0.53,10.9,1,cooler,4.0
45506,29.2,30.14,0.43,58.1,1.0,0.28,0.48,9.9,0.12,5.3,1,warmer,3.0
45511,27.4,28.93,0.33,69.5,1.33,0.2,0.16,5.5,-0.17,5.6,1,no change,5.0
45513,28.6,30.07,0.78,67.6,1.4,0.17,0.29,6.8,-0.39,8.2,1,cooler,5.0
45514,28.8,29.69,0.79,66.8,1.55,0.2,0.62,13.1,-0.22,6.0,0,cooler,5.0
45517,29.0,29.94,0.92,45.8,1.2,0.63,1.04,27.8,0.37,7.8,1,no change,5.0
45520,29.9,30.09,0.22,42.3,1.05,0.35,1.04,27.7,0.79,18.0,1,cooler,5.0
45521,26.0,26.0,0.2,51.6,1.8,0.36,0.4,8.3,-0.06,5.1,0,warmer,3.0
45523,28.2,29.2,0.13,74.6,1.98,0.36,1.5,51.2,0.89,21.7,0,cooler,4.0
45524,28.7,27.86,0.3,73.7,1.45,0.36,0.94,23.7,0.47,9.6,1,no change,5.0
45525,27.9,29.11,0.15,81.5,1.6,0.38,1.21,35.9,0.85,20.2,1,cooler,5.0
45526,28.0,29.41,0.16,79.2,1.2,0.22,0.75,16.8,0.64,13.7,1,no change,6.0
45527,27.6,28.72,0.02,44.2,1.3,0.2,0.64,13.6,0.64,13.6,1,no change,4.0
45530,29.5,30.1,0.81,44.8,1.05,0.7,1.16,33.3,0.54,11.2,1,cooler,4.0
45531,30.0,29.78,0.37,42.9,1.4,0.63,1.46,48.8,0.84,20.0,1,cooler,5.0
45532,29.5,29.92,0.3,45.8,1.2,0.24,0.79,18.2,0.33,7.3,1,warmer,3.0
45533,26.4,26.65,0.02,77.3,1.4,0.38,0.66,14.2,0.75,16.9,1,no change,5.0
45534,25.4,26.32,0.08,81.2,1.68,0.4,0.57,11.8,0.36,7.6,1,warmer,5.0
45535,26.9,27.33,0.32,44.8,1.4,0.27,-0.08,5.1,-0.4,8.3,1,no change,4.0
45536,26.9,27.5,0.25,45.8,1.0,0.2,-0.93,23.1,-0.82,19.1,1,no change,5.0
45537,26.6,27.66,0.3,46.3,1.4,0.27,-0.08,5.1,-0.39,8.1,1,warmer,5.0
45540,26.3,27.08,0.09,78.8,1.4,0.29,0.39,8.2,0.34,7.4,1,cooler,5.0
45541,26.5,27.49,0.24,78.4,1.1,0.2,-0.48,9.9,-0.45,9.2,1,no change,6.0
45542,27.1,27.3,0.25,46.9,1.4,0.38,0.32,7.1,0.0,5.0,1,cooler,4.0
45543,26.7,27.44,0.19,47.6,1.2,0.27,-0.13,5.3,-0.2,5.8,1,no change,6.0
45546,29.6,30.59,0.5,55.1,1.6,0.7,1.66,59.7,0.95,24.1,1,cooler,5.0
45547,29.6,30.63,0.56,53.7,1.2,0.42,1.15,32.7,0.49,9.9,0,cooler,3.0
45550,26.6,27.37,0.53,76.0,1.03,0.27,-1.01,26.7,-0.98,25.1,1,cooler,3.0
45555,28.3,29.23,0.4,54.2,1.25,0.7,1.11,31.0,0.66,14.3,0,cooler,4.0
45556,29.5,32.5,0.52,50.3,1.1,0.64,1.55,53.9,0.97,24.7,1,cooler,6.0
45561,28.5,29.04,0.17,53.3,1.1,0.36,0.75,16.8,0.65,13.9,1,cooler,3.0
45563,28.3,28.85,0.19,55.1,1.6,0.36,1.03,27.5,0.54,11.0,1,no change,5.0
45571,26.8,28.14,0.13,84.8,1.7,0.63,1.27,38.9,0.97,24.7,1,no change,5.0
45572,26.7,27.9,0.14,86.4,1.4,0.27,0.51,10.4,0.37,7.8,1,no change,4.0
45573,25.6,26.29,0.05,83.9,1.8,0.63,1.03,27.5,0.79,18.3,1,no change,5.0
45574,26.0,26.26,0.03,82.9,1.5,0.64,0.95,24.0,0.91,22.4,1,no change,4.0
45578,27.3,28.93,0.12,57.4,1.6,0.76,1.32,41.1,1.01,26.5,1,cooler,5.0
45580,26.8,30.25,0.05,86.0,1.63,0.42,1.32,41.5,1.13,32.0,0,cooler,4.0
45581,27.7,30.87,0.05,81.7,1.4,0.62,1.64,58.6,1.61,56.9,1,warmer,5.0
45582,27.0,28.37,0.14,80.9,1.1,0.44,0.74,16.4,0.76,17.2,1,no change,5.0
45584,28.2,29.26,0.31,59.0,1.6,0.22,0.76,17.1,0.14,5.4,0,cooler,5.0
45585,28.3,28.75,0.37,59.3,1.0,0.32,0.1,5.2,-0.09,5.2,1,cooler,5.0
45587,28.4,28.84,0.33,59.7,1.3,0.26,0.5,10.2,0.09,5.2,1,cooler,5.0
45588,27.2,27.85,0.33,81.3,1.4,0.61,0.96,24.4,0.6,12.6,0,cooler,3.0
45589,28.5,26.45,0.37,78.2,1.0,0.27,-0.24,6.2,-0.3,6.9,1,no change,4.0
45590,27.8,27.36,0.34,81.0,1.25,0.27,0.21,5.9,-0.04,5.0,1,no change,5.0
45591,27.0,28.3,0.55,82.4,1.03,0.25,-0.75,16.8,-0.76,17.2,1,no change,5.0
45592,28.4,28.18,0.36,52.9,1.05,0.61,0.76,17.0,0.45,9.1,1,cooler,5.0
45593,28.9,30.95,0.39,50.6,1.05,0.61,1.21,35.8,0.79,18.2,1,no change,5.0
45596,26.8,26.58,0.35,52.9,1.25,0.32,-0.3,6.8,-0.47,9.7,1,no change,5.0
45598,27.6,28.82,0.46,50.3,1.6,0.25,0.41,8.6,-0.23,6.1,1,cooler,5.0
45600,25.6,26.37,0.21,73.6,1.6,0.29,0.1,5.2,-0.2,5.8,1,no change,4.0
45601,25.4,26.71,0.32,77.4,1.2,0.25,-0.74,16.7,-0.77,17.5,1,cooler,5.0
45603,24.9,25.7,0.57,82.0,1.23,1.11,0.73,16.3,0.47,9.5,1,no change,6.0
45604,27.3,28.35,0.29,80.3,1.6,0.61,1.18,34.2,0.75,17.0,1,cooler,3.0
45605,27.4,28.84,0.72,79.2,1.0,0.27,-0.74,16.6,-0.79,18.0,1,no change,5.0
45606,27.9,27.51,0.22,56.0,1.5,0.45,0.82,19.3,0.42,8.6,1,no change,5.0
45607,28.0,28.87,0.34,54.5,1.0,0.29,-0.07,5.1,-0.21,5.9,1,no change,5.0
45608,27.9,28.35,0.37,55.7,1.0,0.29,-0.25,6.3,-0.36,7.8,1,cooler,5.0
45614,26.7,27.4,0.16,81.9,1.4,0.36,0.56,11.5,0.37,7.9,1,cooler,5.0
45615,27.0,27.0,0.49,80.0,1.0,0.37,-0.48,9.8,-0.51,10.5,1,no change,5.0
45617,28.8,29.79,0.13,83.2,1.75,0.76,1.86,70.1,1.52,51.8,1,no change,4.0
45618,28.8,31.08,0.53,82.0,1.3,0.28,0.99,25.6,0.41,8.5,0,cooler,3.0
45619,28.7,29.52,0.64,75.7,1.6,0.76,1.57,54.4,0.96,24.4,1,no change,5.0
45620,29.0,30.14,0.39,75.1,1.75,0.65,1.72,63.1,1.1,30.7,1,no change,5.0
45621,28.9,30.43,0.87,75.4,1.2,0.51,1.13,31.9,0.51,10.5,0,cooler,3.0
45622,25.6,27.54,0.22,62.9,1.8,0.76,1.04,27.7,0.61,12.9,1,no change,5.0
45623,27.3,28.2,0.37,56.3,1.1,0.28,-0.27,6.5,-0.41,8.5,1,cooler,4.0
45624,27.3,28.17,0.33,56.4,1.4,0.66,0.9,22.1,0.49,10.1,1,no change,4.0
45627,28.6,29.97,0.64,83.6,1.8,0.62,1.64,58.4,0.95,23.9,1,no change,5.0
45628,28.4,29.15,0.5,77.3,1.5,0.76,1.47,49.0,0.96,24.3,1,no change,5.0
45630,29.3,29.13,0.14,49.7,1.4,0.71,1.47,49.2,1.17,33.9,1,no change,5.0
45632,27.1,28.16,0.16,48.0,1.4,0.67,0.93,23.3,0.67,14.5,1,no change,5.0
45633,28.6,30.5,0.15,81.7,1.8,0.62,1.81,67.5,1.38,44.4,1,no change,5.0
45634,29.0,31.57,0.43,79.2,1.3,0.42,1.41,46.0,0.86,20.7,1,no change,5.0
45635,28.2,28.84,0.31,73.2,1.4,0.37,0.89,21.8,0.45,9.3,1,cooler,5.0
45636,29.0,29.62,0.29,69.0,1.4,0.27,1.02,27.0,0.51,10.4,1,no change,5.0
45637,28.6,29.81,0.46,81.8,1.4,0.42,1.16,33.2,0.62,13.0,1,no change,5.0
45638,29.0,28.76,0.46,80.5,1.0,0.56,1.06,28.7,0.72,15.8,1,no change,5.0
45639,28.7,29.5,0.59,73.4,1.0,0.57,0.93,23.2,0.52,10.6,1,no change,5.0
45640,27.8,28.7,0.08,52.7,1.4,0.51,1.06,28.5,0.92,22.8,1,no change,5.0
45641,27.6,29.14,0.14,42.5,1.65,0.76,1.3,40.1,0.91,22.4,1,no change,5.0
45642,27.6,29.85,0.21,43.2,1.1,0.28,0.31,7.0,0.19,5.7,1,no change,5.0
45643,27.2,28.02,0.01,43.5,1.0,0.57,0.69,15.0,0.69,15.0,1,no change,5.0
45644,27.2,27.88,0.36,81.5,1.25,0.61,0.83,19.4,0.52,10.7,1,cooler,4.0
45645,27.7,30.47,0.32,79.4,1.25,0.27,0.67,14.4,0.33,7.2,1,no change,5.0
45646,27.1,26.68,0.28,86.5,1.7,0.76,1.28,39.0,0.89,21.6,0,cooler,5.0
45647,26.7,26.97,0.04,87.7,1.1,0.35,0.59,12.2,0.59,12.2,1,no change,5.0
45648,26.7,27.46,0.5,52.8,1.53,0.76,0.85,20.2,0.35,7.6,1,cooler,5.0
45652,26.0,26.16,0.1,74.5,1.1,0.27,-0.19,5.8,-0.19,5.8,1,no change,6.0
45654,26.5,26.92,0.28,54.4,1.1,0.42,-0.16,5.5,-0.26,6.4,1,warmer,3.0
45655,26.5,28.27,0.51,53.8,1.05,0.52,-0.1,5.2,-0.31,7.0,1,no change,5.0
45659,28.3,29.34,0.56,48.5,1.4,0.76,1.17,34.0,0.6,12.4,1,warmer,5.0
45660,28.4,29.1,0.42,49.6,1.7,0.51,1.18,34.1,0.46,9.5,1,no change,5.0
45662,26.6,27.75,0.72,58.4,1.0,0.42,-0.78,17.7,-0.86,20.6,1,no change,5.0
45665,27.1,26.44,0.34,56.5,1.1,0.46,-0.02,5.0,-0.19,5.8,1,no change,5.0
45667,24.5,25.88,0.61,56.1,1.1,0.46,-1.19,34.6,-1.22,36.2,1,no change,5.0
45669,27.4,27.81,0.27,44.2,1.4,0.42,0.48,9.9,0.11,5.2,1,warmer,5.0
45670,26.8,27.45,0.11,46.0,1.53,0.2,0.23,6.1,0.01,5.0,1,no change,6.0
45673,28.0,30.16,0.45,46.3,1.1,0.24,-0.03,5.0,-0.34,7.4,1,cooler,6.0
45674,27.2,28.47,0.18,44.6,1.0,0.22,-0.31,7.0,-0.21,5.9,1,no change,5.0
45676,26.0,26.39,0.03,50.4,2.6,0.2,1.06,28.9,0.05,5.1,1,no change,5.0
45678,27.9,28.67,0.23,57.1,1.5,0.36,0.82,19.2,0.38,8.0,1,no change,5.0
45679,27.0,27.0,0.12,59.0,1.2,0.42,0.45,9.3,0.43,8.9,1,no change,6.0
45682,27.6,27.0,0.02,70.4,1.95,0.66,1.47,49.3,1.12,31.2,1,cooler,5.0
45688,27.7,29.34,0.42,51.0,1.4,0.59,0.92,22.8,0.4,8.4,1,no change,5.0
45736,26.8,28.52,0.32,50.2,1.08,0.53,0.29,6.7,0.08,5.1,1,no change,5.0
45737,27.2,28.8,0.59,50.4,1.1,0.53,0.22,6.0,-0.13,5.3,1,no change,5.0
45779,30.0,30.99,0.5,85.3,1.05,0.61,1.83,68.3,1.39,44.9,0,cooler,3.0
45791,28.9,32.21,0.55,85.9,1.08,0.22,0.84,20.0,0.39,8.1,1,no change,5.0
45827,30.0,31.24,0.91,74.4,1.1,0.44,1.35,43.0,0.63,13.3,1,no change,5.0
45838,28.8,29.02,0.35,59.4,1.8,0.5,1.41,46.1,0.68,14.8,1,no change,5.0
45839,28.5,28.04,0.01,55.8,1.1,0.42,0.99,25.7,0.99,25.7,1,cooler,3.0
45841,28.0,28.44,0.34,56.0,1.53,0.66,1.15,32.8,0.64,13.6,0,cooler,3.0
45842,28.6,28.09,0.53,60.0,1.4,0.61,1.06,28.5,0.48,9.8,1,no change,5.0
45845,29.0,28.68,0.11,58.4,1.23,0.59,1.29,40.0,1.2,35.4,1,no change,5.0
45846,28.5,28.5,0.76,60.4,1.05,0.36,0.01,5.0,-0.34,7.4,1,no change,3.0
45848,28.5,28.5,0.76,60.4,1.18,0.42,0.46,9.5,-0.05,5.1,1,cooler,5.0
45851,28.5,28.98,0.1,62.6,1.05,0.37,0.96,24.5,0.96,24.5,1,no change,5.0
45853,29.0,29.0,0.37,53.4,1.0,0.45,0.65,14.0,0.33,7.3,1,no change,5.0
45854,29.0,29.0,0.37,53.4,1.1,0.24,0.3,6.9,-0.03,5.0,1,no change,4.0
45855,27.8,29.27,0.19,52.4,1.75,0.34,1.04,28.0,0.46,9.5,1,cooler,5.0
45859,28.6,29.54,0.91,43.9,1.05,0.34,-0.13,5.3,-0.52,10.8,1,cooler,4.0
45861,28.5,29.43,0.41,54.5,1.23,0.62,1.06,28.8,0.59,12.4,1,no change,5.0
45862,28.4,29.09,0.39,58.9,1.0,0.35,0.26,6.4,0.01,5.0,1,warmer,5.0
45869,28.7,29.29,0.24,53.3,1.0,0.52,0.9,22.0,0.72,15.9,1,cooler,5.0
45871,28.6,29.3,0.41,53.6,1.05,0.35,0.38,8.0,0.05,5.1,1,warmer,5.0
45874,28.8,29.76,0.96,54.4,1.0,0.59,0.67,14.5,0.14,5.4,1,no change,6.0
45876,28.8,29.37,0.72,56.8,1.05,0.51,0.65,14.0,0.15,5.5,1,cooler,4.0
45882,29.6,30.41,0.64,41.3,1.0,0.42,0.68,14.6,0.12,5.3,1,cooler,4.0
45883,29.6,30.05,0.36,41.9,1.0,0.59,1.13,31.8,0.73,16.3,1,cooler,5.0
45908,26.4,29.57,0.05,77.1,1.35,0.5,1.11,31.1,1.15,32.8,1,no change,5.0
45924,25.3,25.3,0.0,77.2,2.1,0.53,1.02,26.8,0.66,14.1,1,cooler,4.0
46011,23.3,24.53,0.44,86.3,1.93,0.46,0.02,5.0,-0.44,9.1,1,no change,5.0
46154,24.7,25.0,0.0,80.2,1.53,0.93,0.97,24.8,0.97,25.0,1,no change,5.0
46157,24.7,25.7,0.0,80.2,1.53,0.63,0.73,16.1,0.75,16.8,1,no change,5.0
46161,23.6,23.84,0.02,89.5,2.53,0.75,1.29,39.7,0.8,18.6,1,warmer,4.0
94329,25.7,26.1,0.15,52.0,1.2,1.08,0.92,23.0,0.84,19.8,1,cooler,5.0
94386,27.7,28.5,0.14,54.0,1.2,0.56,0.95,24.1,0.84,19.9,1,cooler,5.0
94387,27.7,28.5,0.14,54.0,1.2,0.98,1.38,44.4,1.27,39.0,1,cooler,4.0
94388,27.7,28.5,0.14,54.0,1.2,0.5,0.86,20.7,0.76,17.1,1,cooler,5.0
94389,27.7,28.5,0.14,54.0,1.2,0.54,0.92,23.0,0.82,19.0,1,cooler,5.0
94390,27.7,28.5,0.14,54.0,1.2,0.48,0.83,19.7,0.73,16.2,0,cooler,5.0
94391,27.7,28.5,0.14,54.0,1.2,0.78,1.21,35.5,1.1,30.4,1,cooler,5.0
94392,27.7,28.5,0.14,54.0,1.2,0.51,0.88,21.3,0.77,17.5,1,cooler,5.0
94393,27.7,28.5,0.14,54.0,1.2,0.76,1.19,34.5,1.08,29.4,1,cooler,4.0
94394,27.7,28.5,0.14,54.0,1.2,0.73,1.15,33.1,1.05,28.1,1,cooler,5.0
94395,27.7,28.5,0.14,54.0,1.2,0.44,0.77,17.6,0.67,14.6,1,cooler,4.0
94396,27.7,28.5,0.14,54.0,1.2,0.86,1.28,39.3,1.17,33.9,1,cooler,5.0
94397,27.7,28.5,0.14,54.0,1.2,0.82,1.25,37.5,1.13,32.1,1,warmer,5.0
94398,27.7,28.5,0.14,54.0,1.2,0.42,0.74,16.6,0.64,13.6,1,cooler,5.0
94399,27.7,28.5,0.14,54.0,1.2,0.73,1.15,33.1,1.05,28.1,1,no change,5.0
94400,27.7,28.9,0.18,50.0,1.2,0.56,0.92,22.8,0.73,16.2,1,cooler,5.0
94401,27.7,28.9,0.18,50.0,1.2,0.5,0.83,19.5,0.64,13.7,1,cooler,4.0
94402,27.7,28.9,0.18,50.0,1.2,0.54,0.89,21.7,0.7,15.4,1,no change,5.0
94403,27.7,28.9,0.18,50.0,1.2,0.48,0.8,18.4,0.61,12.9,1,cooler,5.0
94404,27.7,28.9,0.18,50.0,1.2,0.47,0.78,17.9,0.6,12.5,1,cooler,5.0
94405,27.7,28.9,0.18,50.0,1.2,0.78,1.18,34.3,1.0,26.0,1,no change,5.0
94406,27.7,28.9,0.18,50.0,1.2,0.51,0.84,20.0,0.66,14.1,1,no change,5.0
94407,27.7,28.9,0.18,50.0,1.2,0.73,1.13,31.8,0.94,23.8,1,cooler,5.0
94408,27.7,28.9,0.18,50.0,1.2,0.44,0.74,16.4,0.55,11.4,1,no change,5.0
94409,27.7,28.9,0.18,50.0,1.2,0.86,1.26,38.1,1.08,29.4,1,no change,6.0
94410,27.7,28.9,0.18,50.0,1.2,0.42,0.7,15.4,0.52,10.7,1,cooler,5.0
94411,27.7,28.9,0.18,50.0,1.2,0.73,1.13,31.8,0.94,23.8,0,warmer,3.0
94412,27.7,28.9,0.18,50.0,1.2,0.39,0.65,13.9,0.47,9.6,0,cooler,5.0
94413,26.6,27.8,0.16,52.0,1.2,0.56,0.6,12.6,0.49,10.1,1,cooler,5.0
94414,26.6,27.8,0.16,52.0,1.2,0.79,0.92,22.8,0.8,18.5,1,no change,5.0
94415,26.6,27.8,0.16,52.0,1.2,0.57,0.62,13.0,0.51,10.4,1,no change,5.0
94416,26.6,27.8,0.16,52.0,1.2,0.45,0.41,8.5,0.32,7.1,1,warmer,5.0
94417,26.6,27.8,0.16,52.0,1.2,0.63,0.71,15.6,0.59,12.4,1,no change,5.0
94418,26.6,27.8,0.16,52.0,1.2,0.57,0.62,13.0,0.51,10.4,1,no change,5.0
94419,26.6,27.8,0.16,52.0,1.2,0.42,0.35,7.6,0.26,6.4,1,no change,5.0
94421,26.6,27.8,0.16,52.0,1.2,0.7,0.81,18.7,0.69,15.0,1,warmer,5.0
94422,26.6,27.8,0.16,52.0,1.2,0.47,0.44,9.1,0.35,7.5,1,no change,5.0
94423,26.6,27.8,0.16,52.0,1.2,0.73,0.85,20.1,0.73,16.2,1,no change,5.0
94424,26.6,27.8,0.16,52.0,1.2,0.5,0.5,10.2,0.4,8.3,1,no change,6.0
94425,26.6,27.8,0.16,52.0,1.2,0.93,1.07,29.0,0.95,23.9,1,no change,5.0
94426,26.6,27.8,0.16,52.0,1.2,0.77,0.89,21.9,0.78,17.7,0,warmer,4.0
94427,26.6,27.8,0.16,52.0,1.2,0.85,0.99,25.5,0.86,20.8,1,no change,4.0
94428,26.6,27.8,0.16,52.0,1.2,0.48,0.46,9.5,0.36,7.8,1,cooler,5.0
94429,26.6,27.8,0.16,52.0,1.2,0.42,0.35,7.6,0.26,6.4,0,warmer,3.0
94430,26.6,27.8,0.16,52.0,1.2,0.72,0.83,19.6,0.72,15.8,1,no change,5.0
94431,26.7,28.3,0.2,49.0,1.2,0.57,0.62,13.1,0.45,9.2,1,no change,4.0
94432,26.7,28.3,0.2,49.0,1.2,0.45,0.41,8.5,0.25,6.3,1,no change,4.0
94433,26.7,28.3,0.2,49.0,1.2,0.57,0.62,13.1,0.45,9.2,1,no change,5.0
94434,26.7,28.3,0.2,49.0,1.2,0.42,0.35,7.6,0.2,5.8,1,no change,4.0
94435,26.7,28.3,0.2,49.0,1.2,0.7,0.81,19.0,0.63,13.4,1,no change,5.0
94436,26.7,28.3,0.2,49.0,1.2,0.47,0.45,9.2,0.28,6.7,1,no change,4.0
94437,26.7,28.3,0.2,49.0,1.2,0.93,1.07,29.4,0.9,22.0,1,cooler,5.0
94438,26.7,28.3,0.2,49.0,1.2,0.77,0.9,22.2,0.72,16.0,0,warmer,3.0
94439,26.7,28.3,0.2,49.0,1.2,0.85,0.99,25.8,0.81,19.0,1,cooler,4.0
94440,26.7,28.3,0.2,49.0,1.2,0.48,0.46,9.5,0.3,6.9,1,cooler,5.0
94442,26.7,28.3,0.2,49.0,1.2,0.72,0.84,19.9,0.66,14.2,1,no change,5.0
94443,26.5,28.0,0.18,52.0,1.2,0.53,0.53,10.8,0.39,8.2,1,no change,5.0
94444,26.5,28.0,0.18,52.0,1.2,0.37,0.21,6.0,0.11,5.3,1,no change,5.0
94445,26.5,28.0,0.18,52.0,1.2,0.39,0.26,6.4,0.15,5.5,1,warmer,5.0
94446,26.5,28.0,0.18,52.0,1.2,0.48,0.44,9.0,0.31,7.0,1,cooler,5.0
94447,26.5,28.0,0.18,52.0,1.2,0.51,0.49,10.0,0.36,7.7,0,no change,5.0
94448,26.5,28.0,0.18,52.0,1.2,0.42,0.32,7.1,0.21,5.9,1,no change,5.0
94449,26.5,28.0,0.18,52.0,1.2,0.76,0.87,20.8,0.72,15.9,0,cooler,4.0
94450,26.5,28.0,0.18,52.0,1.2,0.53,0.53,10.8,0.39,8.2,1,cooler,5.0
94451,26.5,28.0,0.18,52.0,1.2,0.42,0.32,7.1,0.21,5.9,1,no change,6.0
94452,26.5,28.0,0.18,52.0,1.2,0.57,0.6,12.4,0.46,9.4,0,cooler,4.0
94453,26.5,28.0,0.18,52.0,1.2,0.85,0.97,24.9,0.82,19.3,1,cooler,3.0
94454,26.5,28.0,0.18,52.0,1.2,0.48,0.44,9.0,0.31,7.0,1,cooler,5.0
94455,26.5,28.0,0.18,52.0,1.2,0.42,0.32,7.1,0.21,5.9,1,warmer,5.0
94456,26.5,28.0,0.18,52.0,1.2,0.81,0.92,23.1,0.78,17.8,1,no change,5.0
94457,27.7,29.4,0.21,48.0,1.2,0.45,0.76,17.3,0.52,10.8,1,no change,3.0
94458,27.7,29.4,0.21,48.0,1.2,0.37,0.62,13.1,0.39,8.2,1,no change,3.0
94459,27.7,29.4,0.21,48.0,1.2,0.39,0.66,14.2,0.43,8.8,1,no change,5.0
94460,27.7,29.4,0.21,48.0,1.2,0.48,0.81,18.8,0.57,11.8,1,no change,6.0
94461,27.7,29.4,0.21,48.0,1.2,0.42,0.71,15.7,0.48,9.8,1,no change,5.0
94462,27.7,29.4,0.21,48.0,1.2,0.76,1.17,33.9,0.94,23.7,0,cooler,4.0
94463,27.7,29.4,0.21,48.0,1.2,0.7,1.11,30.8,0.87,21.0,1,warmer,4.0
94464,27.7,29.4,0.21,48.0,1.2,0.53,0.89,21.6,0.65,13.8,1,cooler,4.0
94465,27.7,29.4,0.21,48.0,1.2,0.42,0.71,15.7,0.48,9.8,1,no change,5.0
94466,27.7,29.4,0.21,48.0,1.2,0.57,0.94,23.9,0.7,15.4,1,cooler,4.0
94467,27.7,29.4,0.21,48.0,1.2,0.85,1.26,38.1,1.03,27.6,1,cooler,5.0
94468,27.7,29.4,0.21,48.0,1.2,0.48,0.81,18.8,0.57,11.8,1,cooler,5.0
94469,27.7,29.4,0.21,48.0,1.2,0.42,0.71,15.7,0.48,9.8,1,no change,5.0
94470,26.2,27.4,0.15,57.0,1.2,0.53,0.47,9.7,0.4,8.3,1,cooler,5.0
94471,26.2,27.4,0.15,57.0,1.2,0.74,0.79,18.3,0.71,15.5,1,cooler,5.0
94472,26.2,27.4,0.15,57.0,1.2,0.42,0.26,6.5,0.22,6.0,1,cooler,4.0
94473,26.2,27.4,0.15,57.0,1.2,0.62,0.62,13.2,0.54,11.1,1,cooler,5.0
94474,26.2,27.4,0.15,57.0,1.2,0.63,0.64,13.6,0.56,11.5,1,no change,5.0
94475,26.2,27.4,0.15,57.0,1.2,0.52,0.45,9.3,0.38,8.1,1,no change,5.0
94476,26.2,27.4,0.15,57.0,1.2,0.51,0.44,9.0,0.37,7.8,1,warmer,5.0
94477,26.2,27.4,0.15,57.0,1.2,0.67,0.7,15.3,0.61,12.9,1,no change,5.0
94478,26.2,27.4,0.15,57.0,1.2,0.76,0.82,19.2,0.73,16.2,1,no change,4.0
94479,26.2,27.4,0.15,57.0,1.2,0.7,0.74,16.6,0.65,14.0,1,warmer,5.0
94480,26.2,27.4,0.15,57.0,1.2,0.56,0.53,10.8,0.45,9.3,1,no change,5.0
94481,26.2,27.4,0.15,57.0,1.2,0.73,0.78,17.9,0.69,15.1,1,no change,5.0
94482,26.2,27.4,0.15,57.0,1.2,0.42,0.26,6.5,0.22,6.0,1,no change,6.0
94483,26.2,27.4,0.15,57.0,1.2,0.71,0.75,17.0,0.67,14.4,1,cooler,4.0
94484,26.2,27.4,0.15,57.0,1.2,0.64,0.65,14.0,0.57,11.9,1,no change,3.0
94485,26.2,27.4,0.15,57.0,1.2,0.43,0.29,6.7,0.23,6.1,1,cooler,5.0
94486,26.2,27.4,0.15,57.0,1.2,0.52,0.45,9.3,0.38,8.1,1,warmer,5.0
94488,25.2,26.4,0.24,62.0,1.2,0.74,0.44,9.0,0.29,6.7,1,no change,5.0
94490,25.2,26.4,0.24,62.0,1.2,0.62,0.22,6.0,0.09,5.2,1,no change,5.0
94491,25.2,26.4,0.24,62.0,1.2,0.63,0.24,6.2,0.11,5.2,1,warmer,5.0
94494,25.2,26.4,0.24,62.0,1.2,0.67,0.32,7.1,0.18,5.6,1,no change,5.0
94495,25.2,26.4,0.24,62.0,1.2,0.76,0.47,9.6,0.32,7.1,0,warmer,4.0
94496,25.2,26.4,0.24,62.0,1.2,0.73,0.42,8.7,0.27,6.5,1,no change,5.0
94498,25.2,26.4,0.24,62.0,1.2,0.71,0.39,8.1,0.24,6.2,1,cooler,4.0
94499,25.2,26.4,0.24,62.0,1.2,0.64,0.26,6.4,0.12,5.3,1,no change,5.0
94502,25.2,26.4,0.24,62.0,1.2,0.71,0.39,8.1,0.24,6.2,1,no change,5.0
94503,28.1,29.1,0.13,57.0,1.2,0.83,1.42,46.5,1.32,41.5,1,no change,5.0
94504,28.1,29.1,0.13,57.0,1.2,0.7,1.3,40.2,1.2,35.3,1,no change,5.0
94505,28.1,29.1,0.13,57.0,1.2,0.42,0.96,24.3,0.86,20.8,1,no change,5.0
94506,28.1,29.1,0.13,57.0,1.2,0.48,1.04,27.8,0.95,23.9,0,cooler,5.0
94507,28.1,29.1,0.13,57.0,1.2,0.54,1.12,31.4,1.02,27.1,1,no change,5.0
94508,28.1,29.1,0.13,57.0,1.2,0.42,0.96,24.3,0.86,20.8,1,no change,5.0
94509,28.1,29.1,0.13,57.0,1.2,0.57,1.16,33.1,1.06,28.6,1,cooler,3.0
94510,28.1,29.1,0.13,57.0,1.2,0.42,0.96,24.3,0.86,20.8,0,cooler,3.0
94511,28.1,29.1,0.13,57.0,1.2,0.67,1.27,38.6,1.17,33.9,1,warmer,5.0
94512,28.1,29.1,0.13,57.0,1.2,0.79,1.38,44.7,1.29,39.7,1,no change,5.0
94513,28.1,29.1,0.13,57.0,1.2,0.57,1.16,33.1,1.06,28.6,1,cooler,4.0
94514,28.1,29.1,0.13,57.0,1.2,0.69,1.29,39.7,1.19,34.9,1,no change,5.0
94518,28.1,29.1,0.13,57.0,1.2,0.48,1.04,27.8,0.95,23.9,1,cooler,5.0
94519,28.1,29.1,0.13,57.0,1.2,0.42,0.96,24.3,0.86,20.8,1,no change,5.0
94536,26.5,26.5,0.07,65.0,1.2,0.73,0.9,22.2,0.9,22.2,1,cooler,5.0
94537,26.5,26.5,0.07,65.0,1.2,0.66,0.81,18.9,0.81,18.9,1,warmer,5.0
94538,26.5,26.5,0.07,65.0,1.2,0.72,0.89,21.7,0.89,21.7,1,no change,4.0
94540,26.5,26.5,0.07,65.0,1.2,0.9,1.08,29.8,1.08,29.8,1,warmer,5.0
94542,26.5,26.5,0.07,65.0,1.2,0.82,1.0,26.3,1.0,26.3,0,cooler,2.0
94543,26.5,26.5,0.07,65.0,1.2,0.48,0.54,11.1,0.54,11.1,1,no change,5.0
94544,26.5,26.5,0.07,65.0,1.2,0.49,0.56,11.5,0.56,11.5,0,warmer,4.0
94545,26.5,26.5,0.07,65.0,1.2,0.43,0.46,9.4,0.46,9.4,1,cooler,5.0
94546,26.5,26.5,0.07,65.0,1.2,0.63,0.77,17.6,0.77,17.6,1,warmer,5.0
94547,26.5,26.5,0.07,65.0,1.2,0.89,1.07,29.4,1.07,29.4,1,cooler,5.0
94548,26.5,26.5,0.07,65.0,1.2,0.45,0.49,10.1,0.49,10.1,1,no change,5.0
94549,26.5,26.5,0.07,65.0,1.2,0.77,0.95,24.0,0.95,24.0,1,cooler,3.0
94550,26.5,26.5,0.07,65.0,1.2,0.38,0.37,7.8,0.37,7.8,1,warmer,6.0
94551,26.5,26.5,0.07,65.0,1.2,0.64,0.79,18.0,0.79,18.0,1,no change,4.0
94552,26.5,26.6,0.07,68.0,1.2,0.73,0.94,23.6,0.94,23.6,1,cooler,5.0
94553,26.5,26.6,0.07,68.0,1.2,0.72,0.92,23.0,0.92,23.0,1,no change,3.0
94554,26.5,26.6,0.07,68.0,1.2,0.5,0.61,12.8,0.61,12.8,1,cooler,4.0
94555,26.5,26.6,0.07,68.0,1.2,0.9,1.12,31.4,1.12,31.4,1,warmer,5.0
94556,26.5,26.6,0.07,68.0,1.2,0.77,0.98,25.4,0.98,25.4,0,cooler,1.0
94557,26.5,26.6,0.07,68.0,1.2,0.57,0.72,16.0,0.72,16.0,1,no change,4.0
94559,26.5,26.6,0.07,68.0,1.2,0.48,0.58,12.0,0.58,12.0,1,no change,5.0
94560,26.5,26.6,0.07,68.0,1.2,0.43,0.5,10.1,0.5,10.1,1,cooler,5.0
94561,26.5,26.6,0.07,68.0,1.2,0.63,0.81,18.8,0.81,18.8,1,no change,5.0
94563,26.5,26.6,0.07,68.0,1.2,0.77,0.98,25.4,0.98,25.4,1,cooler,5.0
94564,26.5,26.6,0.07,68.0,1.2,0.38,0.41,8.4,0.41,8.4,1,no change,5.0
94565,26.5,26.6,0.07,68.0,1.2,0.64,0.82,19.3,0.82,19.3,1,no change,5.0
94566,26.5,26.5,0.06,63.0,1.2,0.52,0.62,12.9,0.62,12.9,1,no change,5.0
94567,26.5,26.5,0.06,63.0,1.2,0.62,0.76,17.3,0.76,17.3,1,no change,4.0
94568,26.5,26.5,0.06,63.0,1.2,0.56,0.68,14.6,0.68,14.6,1,cooler,3.0
94569,26.5,26.5,0.06,63.0,1.2,0.8,0.98,25.4,0.98,25.4,1,no change,5.0
94570,26.5,26.5,0.06,63.0,1.2,0.55,0.66,14.2,0.66,14.2,1,no change,4.0
94571,26.5,26.5,0.06,63.0,1.2,0.64,0.79,18.1,0.79,18.1,1,cooler,4.0
94572,26.5,26.5,0.06,63.0,1.2,0.48,0.55,11.4,0.55,11.4,1,no change,5.0
94573,26.5,26.5,0.06,63.0,1.2,0.61,0.75,16.8,0.75,16.8,1,cooler,5.0
94575,26.5,26.5,0.06,63.0,1.2,0.51,0.6,12.5,0.6,12.5,1,no change,4.0
94576,26.5,26.5,0.06,63.0,1.2,0.63,0.78,17.7,0.78,17.7,1,cooler,4.0
94577,26.5,26.5,0.06,63.0,1.2,0.43,0.47,9.6,0.47,9.6,1,cooler,4.0
94578,26.5,26.5,0.06,63.0,1.2,0.77,0.95,24.0,0.95,24.0,1,cooler,5.0
94579,26.5,26.5,0.06,63.0,1.2,0.38,0.38,8.0,0.38,8.0,0,cooler,5.0
94580,26.5,26.5,0.06,63.0,1.2,0.64,0.79,18.1,0.79,18.1,1,no change,5.0
94581,26.9,26.9,0.09,63.0,1.2,0.52,0.68,14.7,0.72,16.0,0,no change,5.0
94582,26.9,26.9,0.09,63.0,1.2,0.41,0.49,10.1,0.55,11.4,1,cooler,5.0
94583,26.9,26.9,0.09,63.0,1.2,0.62,0.83,19.4,0.86,20.6,1,cooler,3.0
94584,26.9,26.9,0.09,63.0,1.2,0.56,0.74,16.6,0.78,17.8,0,cooler,3.0
94585,26.9,26.9,0.09,63.0,1.2,0.8,1.05,28.1,1.07,29.0,1,cooler,3.0
94587,26.9,26.9,0.09,63.0,1.2,0.55,0.73,16.1,0.77,17.4,1,no change,4.0
94589,26.9,26.9,0.09,63.0,1.2,0.48,0.61,12.9,0.66,14.3,1,no change,5.0
94590,26.9,26.9,0.09,63.0,1.2,0.44,0.55,11.3,0.6,12.6,1,warmer,4.0
94591,26.9,26.9,0.09,63.0,1.2,0.54,0.71,15.6,0.75,16.9,0,cooler,5.0
94592,26.9,26.9,0.09,63.0,1.2,0.61,0.81,18.9,0.85,20.1,1,cooler,3.0
94593,26.9,26.9,0.09,63.0,1.2,0.51,0.66,14.2,0.71,15.6,1,cooler,3.0
94595,26.9,26.9,0.09,63.0,1.2,0.43,0.53,10.9,0.59,12.2,1,cooler,4.0
94596,26.9,26.9,0.09,63.0,1.2,0.77,1.01,26.7,1.03,27.5,1,warmer,5.0
94597,26.9,26.9,0.09,63.0,1.2,0.38,0.44,9.0,0.5,10.3,1,no change,5.0
94598,26.9,26.9,0.09,63.0,1.2,0.64,0.85,20.4,0.88,21.5,1,no change,5.0
94599,26.7,26.7,0.05,61.0,1.2,0.77,1.0,26.2,1.0,26.2,1,no change,5.0
94601,26.7,26.7,0.05,61.0,1.2,0.5,0.65,14.0,0.65,14.0,1,cooler,4.0
94602,26.7,26.7,0.05,61.0,1.2,0.78,1.01,26.7,1.01,26.7,1,no change,5.0
94603,26.7,26.7,0.05,61.0,1.2,0.65,0.86,20.7,0.86,20.7,1,no change,4.0
94605,26.7,26.7,0.05,61.0,1.2,0.58,0.77,17.6,0.77,17.6,1,no change,5.0
94606,26.7,26.7,0.05,61.0,1.2,0.44,0.56,11.6,0.56,11.6,1,warmer,4.0
94607,26.7,26.7,0.05,61.0,1.2,0.48,0.62,13.2,0.62,13.2,1,no change,5.0
94608,26.7,26.7,0.05,61.0,1.2,0.42,0.53,10.9,0.53,10.9,1,no change,5.0
94609,26.7,26.7,0.05,61.0,1.2,0.63,0.84,19.8,0.84,19.8,1,cooler,5.0
94612,26.7,26.7,0.05,61.0,1.2,0.38,0.46,9.5,0.46,9.5,1,no change,5.0
94613,26.7,26.7,0.05,61.0,1.2,0.81,1.04,28.0,1.04,28.0,1,no change,5.0
94614,26.9,27.0,0.08,62.0,1.2,0.77,1.03,27.4,1.08,29.6,1,no change,3.0
94615,26.9,27.0,0.08,62.0,1.2,0.41,0.52,10.8,0.62,13.0,1,warmer,5.0
94616,26.9,27.0,0.08,62.0,1.2,0.44,0.58,11.9,0.66,14.2,1,no change,4.0
94617,26.9,27.0,0.08,62.0,1.2,0.5,0.67,14.5,0.75,16.8,1,cooler,4.0
94618,26.9,27.0,0.08,62.0,1.2,0.78,1.04,27.9,1.09,30.0,1,no change,5.0
94620,26.9,27.0,0.08,62.0,1.2,0.65,0.89,21.6,0.95,24.0,1,no change,4.0
94621,26.9,27.0,0.08,62.0,1.2,0.45,0.59,12.4,0.68,14.6,0,cooler,3.0
94622,26.9,27.0,0.08,62.0,1.2,0.58,0.79,18.3,0.86,20.6,1,no change,5.0
94623,26.9,27.0,0.08,62.0,1.2,0.44,0.58,11.9,0.66,14.2,1,no change,3.0
94624,26.9,27.0,0.08,62.0,1.2,0.47,0.62,13.2,0.71,15.5,1,cooler,4.0
94625,26.9,27.0,0.08,62.0,1.2,0.48,0.64,13.6,0.72,15.9,1,no change,5.0
94626,26.9,27.0,0.08,62.0,1.2,0.42,0.54,11.2,0.63,13.4,1,no change,5.0
94628,26.9,27.0,0.08,62.0,1.2,0.71,0.96,24.5,1.02,26.8,1,no change,5.0
94629,26.9,27.0,0.08,62.0,1.2,0.38,0.47,9.6,0.57,11.8,1,warmer,5.0
94630,26.9,27.0,0.08,62.0,1.2,0.81,1.07,29.3,1.12,31.4,1,no change,5.0
94631,26.5,26.5,0.06,61.0,1.2,0.42,0.44,9.0,0.44,9.0,1,no change,5.0
94632,26.5,26.5,0.06,61.0,1.2,0.62,0.75,16.8,0.75,16.8,1,cooler,3.0
94633,26.5,26.5,0.06,61.0,1.2,0.5,0.57,11.7,0.57,11.7,0,cooler,3.0
94634,26.5,26.5,0.06,61.0,1.2,0.63,0.76,17.2,0.76,17.2,0,cooler,3.0
94635,26.5,26.5,0.06,61.0,1.2,0.55,0.65,13.8,0.65,13.8,1,no change,5.0
94637,26.5,26.5,0.06,61.0,1.2,0.47,0.52,10.6,0.52,10.6,1,no change,5.0
94638,26.5,26.5,0.06,61.0,1.2,0.44,0.47,9.6,0.47,9.6,1,warmer,4.0
94639,26.5,26.5,0.06,61.0,1.2,0.43,0.45,9.3,0.45,9.3,1,cooler,5.0
94640,26.5,26.5,0.06,61.0,1.2,0.48,0.54,11.0,0.54,11.0,1,warmer,5.0
94641,26.5,26.5,0.06,61.0,1.2,0.42,0.44,9.0,0.44,9.0,1,cooler,5.0
94642,26.5,26.5,0.06,61.0,1.2,0.63,0.76,17.2,0.76,17.2,1,no change,6.0
94643,26.5,26.5,0.06,61.0,1.2,0.53,0.62,13.0,0.62,13.0,1,no change,5.0
94644,26.5,26.5,0.06,61.0,1.2,0.49,0.55,11.4,0.55,11.4,1,cooler,5.0
94646,26.5,26.5,0.06,61.0,1.2,0.9,1.07,29.0,1.07,29.0,1,no change,5.0
94647,27.0,27.0,0.07,60.0,1.2,0.42,0.57,11.8,0.57,11.8,1,no change,5.0
94648,27.0,27.0,0.07,60.0,1.2,0.66,0.92,22.8,0.92,22.8,1,warmer,5.0
94649,27.0,27.0,0.07,60.0,1.2,0.62,0.87,20.9,0.87,20.9,1,no change,3.0
94650,27.0,27.0,0.07,60.0,1.2,0.5,0.69,15.1,0.69,15.1,1,cooler,5.0
94651,27.0,27.0,0.07,60.0,1.2,0.63,0.88,21.3,0.88,21.3,1,cooler,5.0
94652,27.0,27.0,0.07,60.0,1.2,0.55,0.77,17.5,0.77,17.5,1,no change,4.0
94654,27.0,27.0,0.07,60.0,1.2,0.47,0.65,13.8,0.65,13.8,1,no change,5.0
94655,27.0,27.0,0.07,60.0,1.2,0.44,0.6,12.6,0.6,12.6,1,no change,4.0
94656,27.0,27.0,0.07,60.0,1.2,0.43,0.59,12.2,0.59,12.2,1,cooler,5.0
94657,27.0,27.0,0.07,60.0,1.2,0.48,0.66,14.3,0.66,14.3,1,cooler,4.0
94658,27.0,27.0,0.07,60.0,1.2,0.42,0.57,11.8,0.57,11.8,0,cooler,4.0
94660,27.0,27.0,0.07,60.0,1.2,0.49,0.68,14.7,0.68,14.7,1,warmer,5.0
94661,27.0,27.0,0.07,60.0,1.2,0.64,0.89,21.8,0.89,21.8,0,cooler,5.0
94662,27.0,27.0,0.07,60.0,1.2,0.9,1.17,33.8,1.17,33.8,1,no change,5.0
94663,26.3,26.3,0.06,61.0,1.2,0.53,0.55,11.4,0.55,11.4,1,warmer,3.0
94664,26.3,26.3,0.06,61.0,1.2,0.66,0.74,16.7,0.74,16.7,1,warmer,4.0
94665,26.3,26.3,0.06,61.0,1.2,0.57,0.62,13.0,0.62,13.0,1,warmer,3.0
94666,26.3,26.3,0.06,61.0,1.2,0.78,0.89,21.8,0.89,21.8,1,no change,5.0
94667,26.3,26.3,0.06,61.0,1.2,0.55,0.59,12.2,0.59,12.2,1,no change,5.0
94668,26.3,26.3,0.06,61.0,1.2,0.64,0.72,15.8,0.72,15.8,1,cooler,5.0
94672,26.3,26.3,0.06,61.0,1.2,0.67,0.76,17.1,0.76,17.1,1,no change,5.0
94674,26.3,26.3,0.06,61.0,1.2,0.63,0.7,15.4,0.7,15.4,1,cooler,5.0
94675,26.3,26.3,0.06,61.0,1.2,0.57,0.62,13.0,0.62,13.0,1,cooler,4.0
94678,26.3,26.3,0.06,61.0,1.2,0.78,0.89,21.8,0.89,21.8,1,no change,5.0
94679,27.0,26.9,0.07,59.0,1.2,0.53,0.72,15.9,0.72,15.9,1,cooler,3.0
94680,27.0,26.9,0.07,59.0,1.2,0.66,0.9,22.0,0.9,22.0,1,cooler,4.0
94681,27.0,26.9,0.07,59.0,1.2,0.57,0.78,17.7,0.78,17.7,1,cooler,3.0
94682,27.0,26.9,0.07,59.0,1.2,0.48,0.64,13.7,0.64,13.7,0,cooler,3.0
94683,27.0,26.9,0.07,59.0,1.2,0.78,1.04,27.6,1.04,27.6,1,no change,5.0
94684,27.0,26.9,0.07,59.0,1.2,0.55,0.75,16.8,0.75,16.8,1,no change,5.0
94686,27.0,26.9,0.07,59.0,1.2,0.45,0.6,12.4,0.6,12.4,1,no change,5.0
94687,27.0,26.9,0.07,59.0,1.2,0.44,0.58,12.0,0.58,12.0,1,no change,4.0
94688,27.0,26.9,0.07,59.0,1.2,0.43,0.56,11.6,0.56,11.6,1,no change,5.0
94689,27.0,26.9,0.07,59.0,1.2,0.67,0.91,22.5,0.91,22.5,1,cooler,4.0
94690,27.0,26.9,0.07,59.0,1.2,0.63,0.86,20.6,0.86,20.6,1,cooler,5.0
94691,27.0,26.9,0.07,59.0,1.2,0.57,0.78,17.7,0.78,17.7,0,cooler,4.0
94692,27.0,26.9,0.07,59.0,1.2,0.43,0.56,11.6,0.56,11.6,1,warmer,5.0
94693,27.0,26.9,0.07,59.0,1.2,0.43,0.56,11.6,0.56,11.6,1,warmer,5.0
94694,27.0,26.9,0.07,59.0,1.2,0.78,1.04,27.6,1.04,27.6,1,no change,5.0
94713,25.9,25.7,0.05,59.0,1.2,1.05,1.04,27.8,1.04,27.8,1,warmer,3.0
94743,26.6,26.0,0.29,54.0,1.2,0.57,0.27,6.5,0.05,5.1,1,no change,4.0
94744,26.6,26.0,0.29,54.0,1.2,0.59,0.31,7.0,0.09,5.2,1,warmer,4.0
94745,26.6,26.0,0.29,54.0,2.0,0.83,1.23,36.9,0.66,14.2,0,warmer,3.0
94746,26.6,26.0,0.29,54.0,2.0,0.61,1.02,26.9,0.4,8.3,1,no change,4.0
94750,25.5,25.7,0.16,53.0,3.0,0.3,1.41,46.2,0.01,5.0,1,no change,5.0
94755,26.2,26.4,0.19,50.0,2.0,0.83,1.2,35.4,0.69,15.0,1,no change,4.0
94760,25.4,25.4,0.26,55.0,2.0,0.49,0.61,12.9,0.04,5.0,1,no change,5.0
94762,25.4,25.4,0.26,55.0,3.0,0.12,0.93,23.4,-0.66,14.3,1,cooler,3.0
94783,25.2,25.6,0.09,57.0,2.0,0.84,1.09,30.3,0.7,15.4,1,cooler,4.0
94790,25.9,25.3,0.08,55.0,2.0,0.6,0.94,23.6,0.5,10.2,1,no change,5.0
94793,25.9,25.3,0.08,55.0,2.0,0.59,0.93,23.1,0.49,9.9,1,no change,3.0
94801,26.5,26.2,0.22,50.0,1.2,0.6,0.37,7.8,0.2,5.8,1,no change,5.0
94803,26.7,26.1,0.04,56.0,1.2,0.55,0.63,13.4,0.63,13.4,1,no change,4.0
94810,26.7,25.7,0.05,52.0,2.0,0.3,0.73,16.2,0.26,6.4,1,no change,5.0
94833,26.8,26.6,0.2,53.0,1.2,0.59,0.5,10.3,0.34,7.4,0,cooler,4.0
94834,26.8,26.6,0.2,53.0,1.2,0.58,0.48,9.9,0.32,7.2,1,cooler,5.0
94835,26.8,26.6,0.2,53.0,1.2,0.4,0.12,5.3,-0.0,5.0,1,no change,4.0
94836,26.8,26.6,0.2,53.0,1.2,0.47,0.27,6.5,0.13,5.4,1,no change,3.0
94838,26.8,26.6,0.2,53.0,1.2,0.37,0.05,5.1,-0.06,5.1,1,no change,4.0
94839,26.8,26.1,0.07,50.0,2.0,0.45,0.96,24.5,0.47,9.5,1,cooler,3.0
94844,26.5,26.0,0.19,52.0,2.0,0.42,0.79,18.3,0.2,5.8,1,cooler,3.0
94845,26.3,25.7,0.09,56.0,1.6,0.56,0.68,14.6,0.44,9.1,1,no change,4.0
94846,26.3,25.7,0.09,56.0,2.0,0.3,0.64,13.5,0.13,5.4,1,no change,5.0
94847,26.3,25.7,0.09,56.0,3.0,0.55,1.92,72.9,0.77,17.5,1,no change,5.0
94852,27.1,26.9,0.12,54.0,1.2,0.45,0.47,9.7,0.44,9.1,1,no change,5.0
94853,27.1,26.9,0.12,54.0,1.2,0.55,0.64,13.6,0.6,12.6,1,no change,4.0
94854,27.1,26.9,0.12,54.0,1.2,0.58,0.69,15.0,0.64,13.7,1,no change,4.0
94855,27.1,26.9,0.12,54.0,1.2,0.57,0.67,14.5,0.63,13.3,0,no change,3.0
94857,29.9,22.1,0.14,65.0,1.6,0.48,0.91,22.6,0.53,11.0,1,no change,4.0
94860,26.8,26.0,0.21,65.0,2.0,0.39,0.87,21.1,0.27,6.5,1,no change,4.0
94861,26.8,26.0,0.21,65.0,2.0,0.12,0.33,7.3,-0.31,7.1,1,cooler,4.0
94862,26.8,26.0,0.21,65.0,1.2,0.12,-0.79,18.2,-0.73,16.3,1,no change,4.0
94863,26.8,26.0,0.21,65.0,1.6,0.53,0.71,15.8,0.35,7.5,1,cooler,4.0
94868,26.5,26.7,0.06,51.0,1.2,0.58,0.64,13.6,0.64,13.6,1,no change,5.0
94874,27.0,27.0,0.13,53.0,1.2,0.55,0.61,12.9,0.55,11.3,1,no change,4.0
94875,27.0,27.0,0.13,53.0,1.2,0.58,0.66,14.2,0.6,12.5,1,cooler,4.0
94876,27.0,27.0,0.13,53.0,1.2,0.45,0.44,9.1,0.39,8.2,1,no change,5.0
94880,27.0,27.0,0.13,53.0,1.2,0.45,0.44,9.1,0.39,8.2,1,no change,5.0
94881,26.1,25.5,0.08,65.0,1.2,0.79,0.78,17.9,0.83,19.7,1,no change,4.0
94884,26.1,25.5,0.08,65.0,1.2,0.72,0.69,15.0,0.75,16.8,1,no change,5.0
94885,26.4,27.1,0.19,65.0,1.2,0.39,0.19,5.7,0.09,5.2,1,no change,5.0
94886,26.4,27.1,0.19,65.0,1.2,0.47,0.36,7.7,0.24,6.2,1,no change,5.0
94887,26.4,27.1,0.19,65.0,1.2,0.51,0.44,9.0,0.31,7.0,1,cooler,3.0
94889,26.4,27.1,0.19,65.0,2.0,0.77,1.31,40.9,0.81,18.8,1,cooler,3.0
94890,26.4,27.1,0.19,65.0,1.2,0.55,0.51,10.5,0.39,8.1,1,no change,6.0
94891,26.4,27.1,0.19,65.0,1.0,0.55,0.23,6.1,0.24,6.2,1,no change,3.0
94892,26.4,27.1,0.19,65.0,1.2,0.55,0.51,10.5,0.39,8.1,1,no change,4.0
94893,26.4,27.1,0.19,65.0,1.2,0.53,0.47,9.7,0.35,7.5,1,no change,5.0
94894,26.4,27.1,0.19,65.0,1.0,0.55,0.23,6.1,0.24,6.2,1,no change,4.0
94895,26.5,26.2,0.25,65.0,3.0,0.46,1.92,73.0,0.6,12.5,1,no change,4.0
94896,26.5,26.2,0.25,65.0,3.0,0.45,1.91,72.5,0.58,12.0,1,no change,4.0
94898,26.4,26.0,0.14,63.0,2.0,0.6,1.09,29.9,0.58,12.1,1,no change,4.0
94899,26.4,26.0,0.14,63.0,2.0,0.55,1.03,27.5,0.52,10.7,1,no change,4.0
94900,26.5,26.9,0.15,64.0,1.0,0.51,0.22,6.0,0.31,7.0,1,no change,4.0
94901,26.5,26.9,0.15,64.0,1.0,0.48,0.15,5.5,0.25,6.3,1,no change,4.0
94902,26.5,26.9,0.15,64.0,1.2,0.54,0.54,11.1,0.47,9.5,1,warmer,4.0
94903,26.5,26.9,0.15,64.0,1.6,0.53,0.78,17.9,0.47,9.6,1,no change,4.0
94904,26.5,26.9,0.15,64.0,1.2,0.4,0.27,6.5,0.22,6.0,1,no change,4.0
94905,26.3,25.4,0.15,69.0,1.2,0.56,0.38,8.1,0.32,7.2,1,warmer,3.0
94906,26.3,25.4,0.15,69.0,1.2,0.61,0.48,9.7,0.41,8.4,1,warmer,3.0
94908,26.1,25.5,0.26,63.0,2.0,0.49,0.8,18.5,0.21,5.9,1,no change,4.0
94910,26.1,25.5,0.26,63.0,1.2,0.72,0.48,9.8,0.29,6.8,1,no change,4.0
94912,25.8,26.0,0.14,63.0,2.0,0.6,0.98,25.5,0.5,10.3,1,no change,4.0
94914,26.4,26.4,0.1,64.0,1.2,0.54,0.54,11.1,0.57,11.7,1,warmer,4.0
94915,26.4,26.4,0.1,64.0,1.2,0.4,0.28,6.7,0.33,7.3,1,no change,4.0
94916,26.6,26.8,0.17,65.0,1.2,0.64,0.69,15.2,0.58,12.0,1,no change,4.0
94917,26.6,26.8,0.17,65.0,1.0,0.46,0.07,5.1,0.13,5.3,1,no change,3.0
94918,26.6,26.8,0.17,65.0,1.2,0.57,0.58,12.1,0.47,9.6,0,cooler,4.0
94919,26.6,26.8,0.17,65.0,1.2,0.7,0.78,17.9,0.66,14.3,1,cooler,3.0
94920,26.6,26.8,0.17,65.0,1.2,0.55,0.54,11.2,0.44,9.0,1,no change,4.0
94921,26.6,26.8,0.17,65.0,1.2,0.55,0.54,11.2,0.44,9.0,1,no change,4.0
94922,26.6,26.8,0.17,65.0,1.2,0.42,0.29,6.8,0.21,5.9,0,warmer,3.0
94923,26.6,26.8,0.17,65.0,1.2,0.36,0.16,5.5,0.09,5.2,1,no change,4.0
94924,26.6,26.8,0.17,65.0,1.2,0.64,0.69,15.2,0.58,12.0,1,no change,5.0
94925,26.6,26.8,0.17,65.0,1.0,0.57,0.31,7.1,0.35,7.5,1,cooler,3.0
94926,26.6,25.3,0.12,64.0,1.6,0.55,0.7,15.3,0.43,8.9,1,no change,5.0
94927,26.6,25.3,0.12,64.0,1.2,0.61,0.52,10.7,0.49,10.1,1,no change,4.0
94931,26.4,26.0,0.1,64.0,3.0,0.39,1.85,69.4,0.58,12.0,1,cooler,4.0
94932,26.4,26.0,0.1,64.0,1.6,0.27,0.3,6.9,0.09,5.2,1,warmer,4.0
94937,25.9,25.9,0.23,67.0,1.2,0.47,0.04,5.0,-0.07,5.1,1,no change,4.0
94938,25.9,25.9,0.23,67.0,1.2,0.57,0.26,6.4,0.12,5.3,1,no change,4.0
94939,25.9,25.9,0.23,67.0,1.2,0.55,0.22,6.0,0.09,5.2,1,cooler,3.0
94940,25.9,25.9,0.23,67.0,1.2,0.7,0.5,10.3,0.35,7.5,1,no change,4.0
94941,25.9,25.9,0.23,67.0,1.0,0.66,0.11,5.3,0.08,5.1,0,cooler,3.0
94946,26.9,25.9,0.39,65.0,1.2,0.55,0.29,6.7,0.02,5.0,1,no change,4.0
94947,26.9,25.9,0.39,65.0,2.0,0.12,0.17,5.6,-0.57,11.7,1,cooler,3.0
94948,26.9,25.9,0.39,65.0,1.2,0.55,0.29,6.7,0.02,5.0,1,cooler,4.0
94949,26.9,25.9,0.39,65.0,1.0,0.5,-0.27,6.5,-0.36,7.7,1,no change,4.0
94950,26.9,25.9,0.39,65.0,1.0,0.59,-0.01,5.0,-0.15,5.5,1,no change,4.0
94951,26.9,25.9,0.39,65.0,1.0,0.51,-0.24,6.2,-0.33,7.3,1,cooler,2.0
94952,26.9,25.9,0.39,65.0,1.2,0.52,0.22,6.0,-0.04,5.0,1,cooler,3.0
94953,26.8,27.0,0.09,64.0,1.2,0.46,0.58,12.1,0.64,13.5,1,no change,4.0
94954,26.8,27.0,0.09,64.0,1.0,0.4,0.28,6.7,0.28,6.7,1,no change,3.0
94955,26.8,27.0,0.09,64.0,1.2,0.7,0.93,23.4,0.96,24.6,1,no change,3.0
94956,26.8,27.0,0.09,64.0,1.2,0.55,0.73,16.2,0.77,17.6,1,no change,4.0
94957,26.8,27.0,0.09,64.0,1.0,0.55,0.56,11.5,0.56,11.5,1,cooler,4.0
94958,26.8,27.0,0.09,64.0,1.2,0.42,0.51,10.5,0.58,11.9,0,no change,3.0
94959,26.8,27.0,0.09,64.0,1.2,0.36,0.4,8.4,0.48,9.7,1,no change,4.0
94960,26.8,27.0,0.09,64.0,1.2,0.55,0.73,16.2,0.77,17.6,1,cooler,4.0
94961,26.5,26.5,0.17,63.0,1.2,0.55,0.47,9.6,0.37,7.8,1,cooler,3.0
94962,26.5,26.5,0.17,63.0,1.2,0.61,0.58,12.0,0.46,9.5,1,no change,3.0
94964,26.5,26.5,0.17,63.0,1.0,0.58,0.25,6.3,0.28,6.7,1,cooler,4.0
94965,26.5,26.5,0.17,63.0,1.0,0.57,0.22,6.0,0.26,6.4,1,warmer,3.0
94966,26.7,26.7,0.09,65.0,2.0,0.45,1.07,29.1,0.57,11.9,1,no change,5.0
94968,26.7,26.7,0.09,65.0,1.0,0.48,0.37,7.8,0.37,7.8,1,warmer,4.0
94969,26.7,26.7,0.09,65.0,1.0,0.47,0.35,7.5,0.35,7.5,1,no change,4.0
94970,26.7,26.7,0.09,65.0,2.0,0.36,0.95,24.2,0.44,9.1,1,cooler,4.0
94971,26.7,26.7,0.09,65.0,1.0,0.49,0.39,8.1,0.39,8.1,1,no change,4.0
94972,26.3,25.5,0.24,65.0,1.2,0.47,0.05,5.1,-0.08,5.1,1,no change,4.0
94973,26.3,25.5,0.24,65.0,1.2,0.57,0.28,6.6,0.12,5.3,1,no change,4.0
94974,26.3,25.5,0.24,65.0,1.2,0.55,0.23,6.1,0.08,5.1,1,cooler,3.0
94975,26.3,25.5,0.24,65.0,1.2,0.66,0.45,9.2,0.28,6.6,0,no change,3.0
94976,26.3,25.5,0.24,65.0,1.0,0.65,0.09,5.2,0.05,5.0,1,no change,5.0
94977,26.5,25.5,0.19,64.0,1.2,0.63,0.48,9.8,0.35,7.5,1,cooler,4.0
94981,24.6,23.9,0.15,57.0,3.0,0.47,1.37,43.9,0.21,5.9,1,no change,4.0
94985,26.8,25.9,0.17,64.0,1.2,0.55,0.46,9.5,0.36,7.6,1,no change,4.0
94986,26.8,25.9,0.17,64.0,1.2,0.41,0.18,5.7,0.1,5.2,1,no change,4.0
94987,27.0,26.0,0.09,64.0,1.2,0.68,0.82,19.3,0.84,20.1,1,no change,4.0
94988,27.0,26.0,0.09,64.0,1.2,0.61,0.72,16.0,0.75,17.0,1,no change,4.0
94989,26.4,25.9,0.25,68.0,1.2,0.72,0.63,13.2,0.44,9.0,1,no change,4.0
94990,26.4,25.9,0.25,68.0,1.2,0.59,0.4,8.3,0.22,6.0,1,no change,3.0
94991,26.4,25.9,0.25,68.0,1.2,0.55,0.32,7.1,0.15,5.5,1,cooler,4.0
94992,26.4,25.9,0.25,68.0,2.0,0.67,1.14,32.2,0.59,12.2,1,cooler,3.0
94993,26.4,25.9,0.25,68.0,1.2,0.55,0.32,7.1,0.15,5.5,1,no change,3.0
94994,26.4,26.0,0.13,74.0,1.6,0.33,0.44,9.0,0.19,5.7,1,cooler,3.0
94995,26.4,26.0,0.13,74.0,1.2,0.45,0.34,7.4,0.32,7.2,1,no change,4.0
94996,26.4,26.0,0.13,74.0,1.2,0.55,0.53,10.9,0.5,10.2,1,no change,4.0
94997,25.3,26.2,0.35,56.0,1.2,0.63,0.08,5.1,-0.11,5.3,1,no change,4.0
94999,25.3,26.2,0.35,56.0,1.2,0.28,-0.94,23.9,-0.97,25.1,1,no change,4.0
95000,27.0,26.0,0.11,62.0,1.0,0.68,0.57,11.9,0.57,11.9,1,no change,5.0
95001,27.0,26.0,0.11,62.0,2.0,0.41,0.98,25.4,0.45,9.3,1,no change,4.0
95002,26.9,26.0,0.15,56.0,1.2,0.68,0.67,14.4,0.57,11.8,1,cooler,3.0
95003,26.9,26.0,0.15,56.0,1.2,0.61,0.56,11.6,0.47,9.6,1,no change,3.0
95004,24.9,24.5,0.09,54.0,3.0,0.46,1.46,48.9,0.31,6.9,1,no change,5.0
95006,24.9,24.5,0.09,54.0,3.0,0.47,1.48,49.7,0.33,7.2,1,no change,4.0
95008,24.9,24.5,0.09,54.0,3.0,0.59,1.62,57.2,0.55,11.3,1,cooler,3.0
95010,26.8,26.6,0.15,64.0,1.2,0.72,0.84,19.9,0.74,16.6,1,no change,4.0
95011,26.8,26.6,0.15,64.0,1.2,0.59,0.65,13.8,0.56,11.5,1,no change,3.0
95012,26.8,26.6,0.15,64.0,1.2,0.55,0.58,12.1,0.5,10.2,1,cooler,4.0
95014,26.8,26.6,0.15,64.0,1.2,0.59,0.65,13.8,0.56,11.5,1,no change,4.0
95015,26.8,26.6,0.15,64.0,1.0,0.55,0.32,7.1,0.39,8.2,1,no change,4.0
95017,26.6,26.2,0.07,65.0,1.6,0.33,0.53,10.8,0.33,7.3,1,cooler,3.0
95018,26.6,26.2,0.07,65.0,1.2,0.49,0.53,11.0,0.53,11.0,1,no change,4.0
95019,26.6,26.2,0.07,65.0,1.2,0.45,0.47,9.5,0.47,9.5,1,cooler,4.0
95020,26.6,26.2,0.07,65.0,1.2,0.55,0.63,13.4,0.63,13.4,1,no change,4.0
95025,26.7,25.6,0.24,67.0,1.2,0.65,0.54,11.1,0.36,7.7,1,warmer,3.0
95026,26.7,25.6,0.24,67.0,2.0,0.55,1.03,27.5,0.45,9.3,1,no change,3.0
95027,26.7,25.6,0.24,67.0,1.2,0.35,-0.13,5.3,-0.23,6.1,1,no change,4.0
95028,27.1,26.3,0.04,64.0,1.2,0.61,0.87,20.8,0.87,20.8,1,no change,3.0
95029,27.1,26.3,0.04,64.0,2.0,0.53,1.21,35.9,0.78,17.8,1,warmer,4.0
95036,24.6,23.8,0.08,65.0,3.0,0.49,1.46,48.7,0.39,8.2,1,no change,4.0
95044,27.5,26.8,0.07,62.0,1.2,0.55,0.85,20.1,0.85,20.1,1,no change,4.0
95045,27.5,26.8,0.07,62.0,1.2,0.65,0.98,25.2,0.98,25.2,1,no change,4.0
95046,27.5,26.8,0.07,62.0,1.2,0.35,0.53,10.9,0.53,10.9,1,cooler,3.0
95047,26.4,26.4,0.22,56.0,2.0,0.53,0.96,24.4,0.37,7.8,1,cooler,5.0
95048,26.4,26.4,0.22,56.0,1.2,0.61,0.43,8.9,0.27,6.5,1,no change,3.0
95049,26.3,24.9,0.16,56.0,3.0,0.55,1.85,69.5,0.66,14.2,1,cooler,4.0
95052,26.3,24.9,0.16,56.0,2.0,0.53,0.85,20.4,0.33,7.3,1,no change,4.0
95055,25.3,25.3,0.13,63.0,2.0,0.64,0.9,22.1,0.46,9.4,1,cooler,3.0
95062,26.8,27.2,0.13,47.0,1.2,0.66,0.72,15.8,0.65,13.9,0,warmer,3.0
95063,26.8,27.2,0.13,47.0,1.2,0.55,0.55,11.4,0.5,10.2,1,no change,5.0
95071,27.0,26.3,0.15,51.0,2.0,0.69,1.22,36.2,0.68,14.7,1,no change,5.0
95072,27.0,26.3,0.15,51.0,1.2,0.5,0.39,8.1,0.3,6.9,1,no change,4.0
95073,27.0,26.3,0.15,51.0,1.2,0.49,0.37,7.8,0.28,6.7,1,no change,4.0
95074,27.0,26.3,0.15,51.0,1.2,0.76,0.79,18.2,0.68,14.8,1,no change,5.0
95075,27.3,27.8,0.17,46.0,1.2,0.55,0.66,14.2,0.51,10.5,1,no change,4.0
95076,27.3,27.8,0.17,46.0,1.6,0.56,0.92,22.9,0.52,10.7,1,no change,4.0
95077,26.5,26.0,0.07,41.0,2.0,0.61,1.02,27.1,0.55,11.3,1,no change,4.0
95080,26.2,25.6,0.3,46.0,3.0,0.43,1.66,59.3,0.22,6.0,1,no change,4.0
95082,26.2,25.6,0.3,46.0,2.0,0.62,0.88,21.4,0.27,6.5,1,no change,3.0
95086,25.6,25.3,0.25,56.0,2.0,0.49,0.65,14.0,0.08,5.1,1,no change,4.0
95090,26.5,26.5,0.26,49.0,1.2,0.5,0.15,5.4,-0.04,5.0,1,no change,5.0
95091,26.5,26.5,0.26,49.0,1.2,0.49,0.12,5.3,-0.05,5.1,1,no change,4.0
95092,26.5,26.5,0.26,49.0,1.2,0.76,0.62,12.9,0.4,8.3,1,no change,5.0
95093,26.8,26.6,0.2,55.0,1.0,0.72,0.46,9.5,0.42,8.7,1,no change,4.0
95094,26.8,26.6,0.2,55.0,1.2,0.59,0.52,10.6,0.35,7.6,1,no change,3.0
95095,26.8,26.6,0.2,55.0,1.2,0.55,0.44,9.1,0.29,6.7,1,no change,4.0
95096,26.8,26.6,0.2,55.0,1.2,0.6,0.53,11.0,0.37,7.9,0,no change,5.0
95097,26.8,26.6,0.2,55.0,1.0,0.67,0.38,7.9,0.34,7.4,1,no change,4.0
95098,26.8,26.6,0.2,55.0,1.2,0.55,0.44,9.1,0.29,6.7,1,no change,4.0
95099,26.8,26.6,0.2,55.0,1.2,0.55,0.44,9.1,0.29,6.7,1,no change,4.0
95106,26.9,26.2,0.17,54.0,1.2,0.73,0.73,16.2,0.6,12.5,1,cooler,4.0
95107,26.9,26.2,0.17,54.0,1.2,0.55,0.44,9.1,0.33,7.2,1,no change,4.0
95108,26.9,26.2,0.17,54.0,1.2,0.77,0.78,17.9,0.65,13.8,1,no change,4.0
95109,26.9,26.2,0.17,54.0,1.2,0.66,0.63,13.3,0.5,10.2,1,warmer,3.0
95110,26.9,26.1,0.11,53.0,1.6,0.37,0.51,10.5,0.24,6.2,1,no change,5.0
95111,26.3,25.0,0.12,50.0,2.0,0.55,0.87,21.1,0.38,7.9,1,cooler,2.0
95118,26.6,25.5,0.15,55.0,1.2,0.77,0.68,14.7,0.59,12.2,1,no change,4.0
95120,26.6,25.5,0.15,55.0,2.0,0.69,1.12,31.6,0.61,12.9,1,warmer,3.0
95123,26.6,25.5,0.15,55.0,1.2,0.73,0.63,13.2,0.53,10.9,1,cooler,2.0
95124,26.8,25.5,0.13,53.0,1.2,0.76,0.7,15.4,0.64,13.5,1,cooler,3.0
95131,26.1,27.1,0.18,52.0,1.0,0.72,0.39,8.2,0.4,8.4,1,no change,4.0
95132,26.1,27.1,0.18,52.0,1.2,0.59,0.44,9.0,0.32,7.2,1,no change,3.0
95133,26.1,27.1,0.18,52.0,1.2,0.55,0.37,7.8,0.25,6.3,1,cooler,4.0
95134,26.1,27.1,0.18,52.0,1.2,0.6,0.46,9.3,0.34,7.4,0,cooler,3.0
95135,26.1,27.1,0.18,52.0,1.2,0.56,0.39,8.1,0.27,6.5,1,no change,4.0
95137,26.1,27.1,0.18,52.0,1.2,0.55,0.37,7.8,0.25,6.3,1,no change,3.0
95138,26.1,27.1,0.18,52.0,1.2,0.55,0.37,7.8,0.25,6.3,1,no change,4.0
95142,26.1,26.1,0.2,58.0,1.2,0.62,0.39,8.2,0.26,6.4,1,no change,4.0
95143,26.1,26.1,0.2,58.0,1.2,0.59,0.34,7.4,0.21,5.9,1,no change,5.0
95147,26.2,28.4,0.53,46.0,1.6,0.65,0.68,14.8,0.13,5.3,1,no change,5.0
95148,26.2,28.4,0.53,46.0,1.2,0.44,-0.14,5.4,-0.44,9.0,1,no change,4.0
95149,26.2,28.4,0.53,46.0,1.0,0.37,-0.92,22.7,-0.98,25.1,1,no change,4.0
95155,25.1,30.5,0.23,45.0,1.2,0.45,0.27,6.5,0.08,5.1,1,no change,5.0
95156,25.1,30.5,0.23,45.0,1.2,0.4,0.16,5.5,-0.03,5.0,0,cooler,3.0
95157,25.1,34.3,0.23,41.0,1.2,0.62,1.01,26.5,0.73,16.1,1,cooler,5.0
95158,25.1,34.3,0.23,41.0,1.2,0.7,1.1,30.4,0.83,19.6,1,warmer,5.0
95159,28.3,29.5,0.23,41.0,1.2,0.64,1.09,30.0,0.8,18.4,0,cooler,4.0
95160,28.3,29.5,0.23,41.0,1.2,0.64,1.09,30.0,0.8,18.4,1,cooler,4.0
95162,27.5,28.6,0.23,58.0,1.2,0.44,0.65,13.7,0.41,8.6,1,no change,5.0
95171,26.4,27.0,0.23,45.0,1.2,0.72,0.58,12.1,0.39,8.2,1,no change,5.0
95173,27.0,28.0,0.23,45.0,1.2,0.62,0.66,14.2,0.44,9.0,1,cooler,5.0
95174,27.0,28.0,0.23,45.0,1.2,0.7,0.78,17.7,0.55,11.4,1,no change,4.0
95175,27.0,28.0,0.23,45.0,1.2,0.64,0.69,15.1,0.47,9.6,0,cooler,4.0
95176,27.0,28.0,0.23,45.0,1.2,0.64,0.69,15.1,0.47,9.6,1,no change,5.0
95177,26.4,27.4,0.23,62.0,1.2,0.66,0.67,14.3,0.48,9.8,1,cooler,5.0
95178,26.4,27.4,0.23,62.0,1.2,0.56,0.49,10.1,0.32,7.1,1,cooler,3.0
95179,26.4,27.4,0.23,62.0,1.2,0.44,0.25,6.3,0.1,5.2,1,warmer,5.0
95187,27.9,28.7,0.22,52.0,1.2,0.53,0.86,20.7,0.61,12.8,1,no change,5.0
95188,30.0,30.8,0.22,48.0,1.2,0.62,1.63,58.2,1.29,39.5,1,cooler,5.0
95189,30.0,30.8,0.22,48.0,1.2,0.63,1.64,58.7,1.29,40.0,1,no change,4.0
95191,30.0,30.8,0.22,48.0,1.2,0.53,1.55,53.8,1.18,34.5,0,cooler,4.0
95192,30.0,30.8,0.22,48.0,1.2,0.66,1.67,60.0,1.33,41.6,1,cooler,4.0
95193,28.5,28.7,0.22,52.0,1.2,0.57,1.05,28.3,0.78,17.7,0,cooler,3.0
95194,28.5,28.7,0.22,52.0,1.2,0.47,0.9,22.2,0.63,13.3,1,cooler,5.0
95203,27.7,28.2,0.22,52.0,1.2,0.53,0.76,17.0,0.52,10.7,1,no change,5.0
95204,27.7,28.2,0.22,52.0,1.2,0.4,0.53,10.8,0.31,6.9,1,cooler,4.0
95205,29.0,29.9,0.22,48.0,1.2,0.62,1.32,41.5,1.02,26.8,1,cooler,5.0
95206,29.0,29.9,0.22,48.0,1.2,0.63,1.33,42.0,1.03,27.4,1,no change,4.0
95208,29.0,29.9,0.22,48.0,1.2,0.62,1.32,41.5,1.02,26.8,1,cooler,4.0
95209,29.0,29.9,0.22,48.0,1.2,0.53,1.22,36.2,0.91,22.3,0,cooler,3.0
95210,29.0,29.9,0.22,48.0,1.2,0.66,1.36,43.6,1.06,28.9,1,cooler,4.0
95217,25.9,26.4,0.17,66.0,1.2,0.47,0.19,5.8,0.13,5.3,1,no change,5.0
95218,26.3,27.2,0.17,63.0,1.2,0.42,0.26,6.5,0.19,5.7,1,cooler,3.0
95219,26.3,27.2,0.17,63.0,1.2,0.47,0.37,7.8,0.28,6.6,1,no change,5.0
95220,26.3,27.2,0.17,63.0,1.2,0.38,0.18,5.6,0.11,5.3,1,cooler,5.0
95221,28.0,28.6,0.23,38.0,1.2,0.53,0.74,16.6,0.47,9.6,1,no change,5.0
95222,28.0,28.6,0.23,38.0,1.2,0.54,0.76,17.1,0.49,9.9,0,cooler,5.0
95223,28.0,28.6,0.23,38.0,1.2,0.38,0.49,9.9,0.23,6.1,1,cooler,4.0
95224,29.0,30.2,0.23,37.0,1.2,0.62,1.25,37.9,0.92,22.9,1,cooler,5.0
95225,29.0,30.2,0.23,37.0,1.2,0.61,1.24,37.4,0.91,22.5,1,no change,5.0
95227,29.0,30.2,0.23,37.0,1.2,0.52,1.14,32.3,0.8,18.3,0,cooler,4.0
95237,26.7,27.2,0.22,40.0,1.2,0.53,0.32,7.1,0.14,5.4,1,no change,4.0
95238,26.7,27.2,0.22,40.0,1.2,0.54,0.34,7.4,0.16,5.5,0,cooler,4.0
95240,27.0,28.0,0.22,41.0,1.2,0.62,0.64,13.6,0.43,8.8,1,cooler,5.0
95241,27.0,28.0,0.22,41.0,1.2,0.61,0.62,13.2,0.41,8.5,1,warmer,5.0
95243,27.0,28.0,0.22,41.0,1.2,0.52,0.47,9.7,0.27,6.5,0,cooler,4.0
95253,28.6,29.1,0.22,39.0,1.2,0.45,0.84,19.8,0.54,11.2,1,no change,4.0
95254,28.6,29.1,0.22,39.0,1.2,0.57,1.01,26.4,0.72,15.8,0,cooler,4.0
95255,28.6,29.1,0.22,39.0,1.2,0.4,0.76,17.1,0.47,9.5,1,cooler,4.0
95256,29.8,30.9,0.22,38.0,1.2,0.72,1.59,55.8,1.26,38.1,1,no change,4.0
95258,29.8,30.9,0.22,38.0,1.2,0.62,1.51,51.6,1.16,33.2,1,no change,4.0
95259,29.8,30.9,0.22,38.0,1.2,0.53,1.43,47.1,1.06,28.6,1,cooler,4.0
95260,27.0,27.5,0.22,42.0,1.2,0.65,0.64,13.5,0.43,8.8,1,cooler,5.0
95261,27.0,27.5,0.22,42.0,1.2,0.5,0.38,8.0,0.19,5.7,1,cooler,4.0
95269,27.3,28.0,0.23,41.0,1.2,0.45,0.4,8.3,0.18,5.7,0,no change,4.0
95270,27.3,28.0,0.23,41.0,1.2,0.4,0.3,6.8,0.09,5.2,1,cooler,4.0
95271,27.9,28.8,0.23,42.0,1.2,0.72,1.03,27.6,0.77,17.5,1,no change,4.0
95273,27.9,28.8,0.23,42.0,1.2,0.53,0.78,17.8,0.51,10.5,0,cooler,3.0
95280,25.9,26.4,0.17,61.0,1.2,0.6,0.41,8.6,0.32,7.2,1,no change,5.0
95281,25.9,26.4,0.17,61.0,1.2,0.5,0.22,6.0,0.15,5.4,1,no change,5.0
95282,26.5,27.6,0.17,58.0,1.2,0.42,0.33,7.2,0.24,6.2,1,no change,5.0
95283,26.5,27.6,0.17,58.0,1.2,0.34,0.15,5.5,0.08,5.1,1,cooler,5.0
95284,26.5,27.6,0.17,58.0,1.2,0.44,0.37,7.8,0.27,6.5,1,cooler,4.0
95285,28.8,29.5,0.22,44.0,1.2,0.45,0.98,25.3,0.67,14.5,1,no change,5.0
95286,28.8,29.5,0.22,44.0,1.2,0.32,0.77,17.5,0.46,9.5,0,cooler,3.0
95288,30.0,31.1,0.22,41.0,1.2,0.58,1.57,54.8,1.2,35.3,1,no change,4.0
95290,30.0,31.1,0.22,41.0,1.2,0.51,1.51,51.3,1.12,31.6,0,cooler,4.0
95291,27.0,27.5,0.22,44.0,1.2,0.74,0.78,17.7,0.57,11.7,1,cooler,5.0
95292,27.0,27.5,0.22,44.0,1.2,0.45,0.3,6.9,0.12,5.3,1,cooler,4.0
95296,27.1,27.3,0.15,56.0,1.2,0.6,0.74,16.7,0.64,13.5,1,no change,5.0
95297,27.1,27.3,0.15,56.0,1.2,0.5,0.58,12.1,0.48,9.9,1,no change,5.0
95298,27.2,27.6,0.15,54.0,1.2,0.42,0.49,9.9,0.39,8.2,1,cooler,3.0
95299,27.2,27.6,0.15,54.0,1.2,0.34,0.33,7.2,0.25,6.3,1,cooler,5.0
95300,27.2,27.6,0.15,54.0,1.2,0.44,0.52,10.7,0.43,8.8,1,cooler,1.0
95301,27.4,27.9,0.23,43.0,1.2,0.45,0.42,8.7,0.2,5.8,1,no change,5.0
95302,27.4,27.9,0.23,43.0,1.2,0.32,0.14,5.4,-0.04,5.0,1,cooler,4.0
95303,27.4,27.9,0.23,43.0,1.2,0.42,0.36,7.8,0.15,5.5,1,cooler,4.0
95304,27.9,28.9,0.23,43.0,1.2,0.58,0.88,21.2,0.61,12.7,1,no change,4.0
95306,27.9,28.9,0.23,43.0,1.2,0.51,0.77,17.5,0.5,10.2,0,cooler,4.0
95779,28.7,28.4,0.26,68.0,1.2,0.89,1.52,51.9,1.25,37.8,1,cooler,6.0
95780,28.7,28.4,0.26,68.0,1.2,0.61,1.22,36.3,0.92,22.8,0,cooler,3.0
95781,28.7,28.4,0.26,68.0,1.2,0.44,0.96,24.6,0.65,13.9,1,no change,5.0
95782,28.5,29.4,0.26,69.0,1.2,0.54,1.21,35.6,0.9,22.0,1,no change,5.0
95783,28.5,29.4,0.26,69.0,1.2,0.44,1.06,28.6,0.74,16.6,0,cooler,4.0
95785,28.5,29.4,0.26,69.0,1.2,0.49,1.13,32.1,0.82,19.3,0,cooler,3.0
95786,28.5,29.4,0.26,69.0,1.2,0.63,1.33,41.6,1.03,27.3,1,no change,4.0
95788,28.7,29.1,0.26,70.0,1.2,0.54,1.23,36.5,0.91,22.7,0,cooler,4.0
95789,28.7,29.1,0.26,70.0,1.2,1.0,1.69,61.1,1.44,47.5,1,no change,6.0
95790,28.7,29.1,0.26,70.0,1.2,0.5,1.17,33.7,0.85,20.3,1,cooler,4.0
95791,29.1,29.3,0.2,71.0,1.2,0.36,1.15,32.8,0.89,21.8,1,cooler,5.0
95792,29.1,29.3,0.2,71.0,1.2,0.5,1.35,42.8,1.1,30.4,1,no change,5.0
95793,29.1,29.3,0.2,71.0,1.2,0.48,1.32,41.5,1.07,29.2,0,cooler,4.0
95795,29.5,29.7,0.2,70.0,1.2,0.5,1.48,50.1,1.21,35.9,1,cooler,4.0
95796,28.3,28.3,0.26,73.0,1.2,0.44,0.89,21.8,0.61,12.9,1,cooler,5.0
95799,28.5,28.9,0.26,71.0,1.2,0.58,1.22,36.2,0.92,23.1,0,cooler,2.0
95800,28.5,28.9,0.26,71.0,1.2,0.65,1.31,40.8,1.02,27.0,1,no change,5.0
95801,28.5,28.9,0.26,71.0,1.2,0.53,1.15,32.8,0.85,20.2,1,cooler,4.0
95809,26.9,27.7,0.21,51.0,1.2,1.45,1.44,47.9,1.28,39.4,1,no change,6.0
95810,26.9,27.7,0.21,51.0,1.2,0.83,0.95,24.2,0.76,17.1,1,cooler,4.0
95811,26.9,27.7,0.21,51.0,1.2,0.92,1.05,28.2,0.86,20.6,1,cooler,5.0
95812,26.9,27.7,0.21,51.0,1.2,0.85,0.97,25.1,0.78,17.9,1,no change,5.0
95813,26.9,27.7,0.21,51.0,1.2,0.38,0.23,6.1,0.08,5.1,1,warmer,5.0
95892,27.1,36.4,0.23,57.0,1.2,0.81,1.91,72.4,1.65,58.9,1,no change,5.0
95893,27.1,36.4,0.23,57.0,1.2,0.57,1.76,64.9,1.43,47.1,1,no change,5.0
95894,27.1,36.4,0.23,57.0,1.2,0.55,1.74,64.0,1.4,45.8,1,warmer,4.0
95895,27.1,36.4,0.23,57.0,1.2,0.62,1.8,66.8,1.48,49.9,1,no change,5.0
95896,27.1,36.4,0.23,57.0,1.2,0.47,1.68,60.5,1.31,41.0,1,no change,5.0
96024,25.1,25.4,0.32,64.0,1.2,0.87,0.48,9.7,0.28,6.6,1,no change,3.0
96025,25.1,25.4,0.32,64.0,1.2,0.87,0.48,9.7,0.28,6.6,1,no change,5.0
96026,25.1,25.4,0.32,64.0,1.2,0.75,0.28,6.6,0.09,5.2,1,warmer,4.0
96027,25.1,25.4,0.32,64.0,1.2,0.75,0.28,6.6,0.09,5.2,1,cooler,5.0
96033,25.1,25.4,0.32,64.0,1.2,0.84,0.43,8.8,0.23,6.1,1,warmer,5.0
96034,25.1,25.4,0.32,64.0,1.2,0.73,0.24,6.2,0.06,5.1,1,cooler,5.0
96035,25.1,25.4,0.32,64.0,1.2,0.78,0.33,7.3,0.14,5.4,1,cooler,5.0
96040,25.0,25.2,0.31,64.0,1.2,0.87,0.45,9.1,0.26,6.4,1,no change,3.0
96041,25.0,25.2,0.31,64.0,1.2,0.87,0.45,9.1,0.26,6.4,1,no change,5.0
96049,25.0,25.2,0.31,64.0,1.2,0.84,0.4,8.3,0.21,6.0,1,warmer,5.0
96068,25.7,25.7,0.34,63.0,1.2,0.47,-0.21,5.9,-0.35,7.5,1,cooler,4.0
96069,25.7,25.7,0.34,63.0,1.2,0.51,-0.1,5.2,-0.26,6.4,1,no change,4.0
96070,25.7,25.7,0.34,63.0,1.2,0.47,-0.21,5.9,-0.35,7.5,1,cooler,4.0
96071,25.7,25.7,0.34,63.0,1.2,0.63,0.18,5.7,-0.02,5.0,1,no change,5.0
96072,25.7,25.7,0.34,63.0,1.2,0.92,0.67,14.4,0.44,9.0,1,no change,5.0
96073,25.7,25.7,0.34,63.0,1.2,0.47,-0.21,5.9,-0.35,7.5,1,warmer,3.0
96074,25.7,25.7,0.34,63.0,1.2,0.88,0.61,12.9,0.38,8.0,1,warmer,5.0
96075,25.7,25.7,0.34,63.0,1.2,0.51,-0.1,5.2,-0.26,6.4,1,cooler,5.0
96076,25.7,25.7,0.34,63.0,1.2,0.63,0.18,5.7,-0.02,5.0,1,cooler,5.0
96077,25.7,25.7,0.34,63.0,1.2,0.43,-0.32,7.1,-0.44,9.0,1,cooler,5.0
96078,25.7,25.7,0.34,63.0,1.2,0.63,0.18,5.7,-0.02,5.0,1,cooler,4.0
96079,25.7,25.7,0.34,63.0,1.2,0.64,0.2,5.8,-0.0,5.0,1,no change,5.0
96080,25.7,25.7,0.34,63.0,1.2,0.79,0.48,9.7,0.25,6.3,1,no change,5.0
96081,25.7,25.7,0.34,63.0,1.2,0.92,0.67,14.4,0.44,9.0,1,warmer,5.0
96082,25.7,25.7,0.34,63.0,1.2,0.82,0.52,10.7,0.3,6.8,1,cooler,5.0
96083,25.7,25.7,0.34,63.0,1.2,0.51,-0.1,5.2,-0.26,6.4,1,cooler,5.0
